Date,Start (ET),Visitor/Neutral,PTS,Home/Neutral,PTS_1,Arena
10/21/2025,7:30p,Houston Rockets,124,Oklahoma City Thunder,125,Paycom Center
10/21/2025,10:00p,Golden State Warriors,119,Los Angeles Lakers,109,Crypto.com Arena
10/22/2025,7:00p,Brooklyn Nets,117,Charlotte Hornets,136,Spectrum Center
10/22/2025,7:00p,Cleveland Cavaliers,111,New York Knicks,119,Madison Square Garden (IV)
10/22/2025,7:00p,Miami Heat,121,Orlando Magic,125,Kia Center
10/22/2025,7:30p,Philadelphia 76ers,117,Boston Celtics,116,TD Garden
10/22/2025,7:30p,Toronto Raptors,138,Atlanta Hawks,118,State Farm Arena
10/22/2025,8:00p,Detroit Pistons,111,Chicago Bulls,115,United Center
10/22/2025,8:00p,New Orleans Pelicans,122,Memphis Grizzlies,128,FedExForum
10/22/2025,8:00p,Washington Wizards,120,Milwaukee Bucks,133,Fiserv Forum
10/22/2025,9:00p,Los Angeles Clippers,108,Utah Jazz,129,Delta Center
10/22/2025,9:30p,San Antonio Spurs,125,Dallas Mavericks,92,American Airlines Center
10/22/2025,10:00p,Minnesota Timberwolves,118,Portland Trail Blazers,114,Moda Center
10/22/2025,10:00p,Sacramento Kings,116,Phoenix Suns,120,Mortgage Matchup Center
10/23/2025,7:30p,Oklahoma City Thunder,141,Indiana Pacers,135,Gainbridge Fieldhouse
10/23/2025,10:00p,Denver Nuggets,131,Golden State Warriors,137,Chase Center
10/24/2025,6:30p,Milwaukee Bucks,122,Toronto Raptors,116,Scotiabank Arena
10/24/2025,7:00p,Atlanta Hawks,111,Orlando Magic,107,Kia Center
10/24/2025,7:30p,Cleveland Cavaliers,131,Brooklyn Nets,124,Barclays Center
10/24/2025,7:30p,Boston Celtics,95,New York Knicks,105,Madison Square Garden (IV)
10/24/2025,8:00p,Detroit Pistons,115,Houston Rockets,111,Toyota Center
10/24/2025,8:00p,San Antonio Spurs,120,New Orleans Pelicans,116,Smoothie King Center
10/24/2025,8:00p,Miami Heat,146,Memphis Grizzlies,114,FedExForum
10/24/2025,8:30p,Washington Wizards,117,Dallas Mavericks,107,American Airlines Center
10/24/2025,10:00p,Minnesota Timberwolves,110,Los Angeles Lakers,128,Crypto.com Arena
10/24/2025,10:00p,Golden State Warriors,119,Portland Trail Blazers,139,Moda Center
10/24/2025,10:00p,Utah Jazz,104,Sacramento Kings,105,Golden 1 Center
10/24/2025,10:30p,Phoenix Suns,102,Los Angeles Clippers,129,Intuit Dome
10/25/2025,7:00p,Chicago Bulls,110,Orlando Magic,98,Kia Center
10/25/2025,7:30p,Oklahoma City Thunder,117,Atlanta Hawks,100,State Farm Arena
10/25/2025,7:30p,Charlotte Hornets,121,Philadelphia 76ers,125,Xfinity Mobile Arena
10/25/2025,8:00p,Indiana Pacers,103,Memphis Grizzlies,128,FedExForum
10/25/2025,9:00p,Phoenix Suns,111,Denver Nuggets,133,Ball Arena
10/26/2025,2:00p,Brooklyn Nets,107,San Antonio Spurs,118,Frost Bank Center
10/26/2025,3:30p,Boston Celtics,113,Detroit Pistons,119,Little Caesars Arena
10/26/2025,6:00p,Charlotte Hornets,139,Washington Wizards,113,Capital One Arena
10/26/2025,6:00p,New York Knicks,107,Miami Heat,115,Kaseya Center
10/26/2025,6:00p,Milwaukee Bucks,113,Cleveland Cavaliers,118,Rocket Arena
10/26/2025,7:00p,Indiana Pacers,110,Minnesota Timberwolves,114,Target Center
10/26/2025,7:30p,Toronto Raptors,129,Dallas Mavericks,139,American Airlines Center
10/26/2025,9:00p,Los Angeles Lakers,127,Sacramento Kings,120,Golden 1 Center
10/26/2025,9:00p,Portland Trail Blazers,107,Los Angeles Clippers,114,Intuit Dome
10/27/2025,7:00p,Cleveland Cavaliers,116,Detroit Pistons,95,Little Caesars Arena
10/27/2025,7:00p,Orlando Magic,124,Philadelphia 76ers,136,Xfinity Mobile Arena
10/27/2025,8:00p,Atlanta Hawks,123,Chicago Bulls,128,United Center
10/27/2025,8:00p,Brooklyn Nets,109,Houston Rockets,137,Toyota Center
10/27/2025,8:00p,Boston Celtics,122,New Orleans Pelicans,90,Smoothie King Center
10/27/2025,8:00p,Toronto Raptors,103,San Antonio Spurs,121,Frost Bank Center
10/27/2025,8:30p,Oklahoma City Thunder,101,Dallas Mavericks,94,American Airlines Center
10/27/2025,9:00p,Phoenix Suns,134,Utah Jazz,138,Delta Center
10/27/2025,9:30p,Denver Nuggets,127,Minnesota Timberwolves,114,Target Center
10/27/2025,10:00p,Memphis Grizzlies,118,Golden State Warriors,131,Chase Center
10/27/2025,10:30p,Portland Trail Blazers,122,Los Angeles Lakers,108,Crypto.com Arena
10/28/2025,7:00p,Philadelphia 76ers,139,Washington Wizards,134,Capital One Arena
10/28/2025,7:30p,Charlotte Hornets,117,Miami Heat,144,Kaseya Center
10/28/2025,8:00p,New York Knicks,111,Milwaukee Bucks,121,Fiserv Forum
10/28/2025,8:00p,Sacramento Kings,101,Oklahoma City Thunder,107,Paycom Center
10/28/2025,11:00p,Los Angeles Clippers,79,Golden State Warriors,98,Chase Center
10/29/2025,6:30p,Houston Rockets,139,Toronto Raptors,121,Scotiabank Arena
10/29/2025,7:00p,Cleveland Cavaliers,105,Boston Celtics,125,TD Garden
10/29/2025,7:00p,Orlando Magic,116,Detroit Pistons,135,Little Caesars Arena
10/29/2025,7:30p,Atlanta Hawks,117,Brooklyn Nets,112,Barclays Center
10/29/2025,8:00p,Sacramento Kings,113,Chicago Bulls,126,United Center
10/29/2025,8:30p,Indiana Pacers,105,Dallas Mavericks,107,American Airlines Center
10/29/2025,9:00p,Portland Trail Blazers,136,Utah Jazz,134,Delta Center
10/29/2025,9:00p,New Orleans Pelicans,88,Denver Nuggets,122,Ball Arena
10/29/2025,9:30p,Los Angeles Lakers,116,Minnesota Timberwolves,115,Target Center
10/29/2025,10:00p,Memphis Grizzlies,114,Phoenix Suns,113,Mortgage Matchup Center
10/30/2025,7:00p,Orlando Magic,123,Charlotte Hornets,107,Spectrum Center
10/30/2025,8:00p,Golden State Warriors,110,Milwaukee Bucks,120,Fiserv Forum
10/30/2025,8:00p,Washington Wizards,108,Oklahoma City Thunder,127,Paycom Center
10/30/2025,8:30p,Miami Heat,101,San Antonio Spurs,107,Frost Bank Center
10/31/2025,7:00p,Atlanta Hawks,128,Indiana Pacers,108,Gainbridge Fieldhouse
10/31/2025,7:00p,Boston Celtics,109,Philadelphia 76ers,108,Xfinity Mobile Arena
10/31/2025,7:30p,Toronto Raptors,112,Cleveland Cavaliers,101,Rocket Arena
10/31/2025,8:00p,New York Knicks,125,Chicago Bulls,135,United Center
10/31/2025,9:30p,Los Angeles Lakers,117,Memphis Grizzlies,112,FedExForum
10/31/2025,10:00p,Utah Jazz,96,Phoenix Suns,118,Mortgage Matchup Center
10/31/2025,10:00p,Denver Nuggets,107,Portland Trail Blazers,109,Moda Center
10/31/2025,10:30p,New Orleans Pelicans,124,Los Angeles Clippers,126,Intuit Dome
11/1/2025,5:00p,Sacramento Kings,135,Milwaukee Bucks,133,Fiserv Forum
11/1/2025,6:00p,Minnesota Timberwolves,122,Charlotte Hornets,105,Spectrum Center
11/1/2025,7:00p,Golden State Warriors,109,Indiana Pacers,114,Gainbridge Fieldhouse
11/1/2025,7:00p,Orlando Magic,125,Washington Wizards,94,Capital One Arena
11/1/2025,8:00p,Houston Rockets,128,Boston Celtics,101,TD Garden
11/1/2025,10:00p,Dallas Mavericks,110,Detroit Pistons,122,Mexico City Arena
11/2/2025,3:30p,New Orleans Pelicans,106,Oklahoma City Thunder,137,Paycom Center
11/2/2025,6:00p,Philadelphia 76ers,129,Brooklyn Nets,105,Barclays Center
11/2/2025,6:00p,Utah Jazz,103,Charlotte Hornets,126,Spectrum Center
11/2/2025,6:00p,Atlanta Hawks,109,Cleveland Cavaliers,117,Rocket Arena
11/2/2025,6:00p,Memphis Grizzlies,104,Toronto Raptors,117,Scotiabank Arena
11/2/2025,7:00p,Chicago Bulls,116,New York Knicks,128,Madison Square Garden (IV)
11/2/2025,8:00p,San Antonio Spurs,118,Phoenix Suns,130,Mortgage Matchup Center
11/2/2025,9:30p,Miami Heat,120,Los Angeles Lakers,130,Crypto.com Arena
11/3/2025,7:00p,Minnesota Timberwolves,125,Brooklyn Nets,109,Barclays Center
11/3/2025,7:00p,Milwaukee Bucks,117,Indiana Pacers,115,Gainbridge Fieldhouse
11/3/2025,7:30p,Utah Jazz,105,Boston Celtics,103,TD Garden
11/3/2025,7:30p,Washington Wizards,102,New York Knicks,119,Madison Square Garden (IV)
11/3/2025,8:00p,Dallas Mavericks,102,Houston Rockets,110,Toyota Center
11/3/2025,8:00p,Detroit Pistons,114,Memphis Grizzlies,106,FedExForum
11/3/2025,9:00p,Sacramento Kings,124,Denver Nuggets,130,Ball Arena
11/3/2025,10:00p,Los Angeles Lakers,123,Portland Trail Blazers,115,Moda Center
11/3/2025,10:30p,Miami Heat,120,Los Angeles Clippers,119,Intuit Dome
11/4/2025,7:30p,Milwaukee Bucks,100,Toronto Raptors,128,Scotiabank Arena
11/4/2025,8:00p,Orlando Magic,112,Atlanta Hawks,127,State Farm Arena
11/4/2025,8:00p,Philadelphia 76ers,111,Chicago Bulls,113,United Center
11/4/2025,8:00p,Charlotte Hornets,112,New Orleans Pelicans,116,Smoothie King Center
11/4/2025,10:00p,Phoenix Suns,107,Golden State Warriors,118,Chase Center
11/4/2025,11:00p,Oklahoma City Thunder,126,Los Angeles Clippers,107,Intuit Dome
11/5/2025,7:00p,Philadelphia 76ers,121,Cleveland Cavaliers,132,Rocket Arena
11/5/2025,7:00p,Utah Jazz,103,Detroit Pistons,114,Little Caesars Arena
11/5/2025,7:00p,Brooklyn Nets,112,Indiana Pacers,103,Gainbridge Fieldhouse
11/5/2025,7:30p,Washington Wizards,107,Boston Celtics,136,TD Garden
11/5/2025,7:30p,Minnesota Timberwolves,114,New York Knicks,137,Madison Square Garden (IV)
11/5/2025,8:00p,Houston Rockets,124,Memphis Grizzlies,109,FedExForum
11/5/2025,8:30p,New Orleans Pelicans,101,Dallas Mavericks,99,American Airlines Center
11/5/2025,9:00p,Miami Heat,112,Denver Nuggets,122,Ball Arena
11/5/2025,10:00p,San Antonio Spurs,116,Los Angeles Lakers,118,Crypto.com Arena
11/5/2025,10:00p,Oklahoma City Thunder,119,Portland Trail Blazers,121,Moda Center
11/5/2025,10:00p,Golden State Warriors,116,Sacramento Kings,121,Golden 1 Center
11/6/2025,9:00p,Los Angeles Clippers,102,Phoenix Suns,115,Mortgage Matchup Center
11/7/2025,7:00p,Boston Celtics,110,Orlando Magic,123,Kia Center
11/7/2025,7:00p,Cleveland Cavaliers,148,Washington Wizards,115,Capital One Arena
11/7/2025,7:30p,Toronto Raptors,109,Atlanta Hawks,97,State Farm Arena
11/7/2025,7:30p,Detroit Pistons,125,Brooklyn Nets,107,Barclays Center
11/7/2025,7:30p,Houston Rockets,110,San Antonio Spurs,121,Frost Bank Center
11/7/2025,8:00p,Dallas Mavericks,104,Memphis Grizzlies,118,FedExForum
11/7/2025,8:00p,Charlotte Hornets,108,Miami Heat,126,Kaseya Center
11/7/2025,8:00p,Chicago Bulls,110,Milwaukee Bucks,126,Fiserv Forum
11/7/2025,8:00p,Utah Jazz,97,Minnesota Timberwolves,137,Target Center
11/7/2025,10:00p,Golden State Warriors,104,Denver Nuggets,129,Ball Arena
11/7/2025,10:00p,Oklahoma City Thunder,132,Sacramento Kings,101,Golden 1 Center
11/8/2025,7:00p,Dallas Mavericks,111,Washington Wizards,105,Capital One Arena
11/8/2025,7:30p,Toronto Raptors,120,Philadelphia 76ers,130,Xfinity Mobile Arena
11/8/2025,8:00p,Los Angeles Lakers,102,Atlanta Hawks,122,State Farm Arena
11/8/2025,8:00p,Chicago Bulls,122,Cleveland Cavaliers,128,Rocket Arena
11/8/2025,8:00p,Portland Trail Blazers,131,Miami Heat,136,Kaseya Center
11/8/2025,8:00p,New Orleans Pelicans,119,San Antonio Spurs,126,Frost Bank Center
11/8/2025,9:00p,Indiana Pacers,100,Denver Nuggets,117,Ball Arena
11/8/2025,10:30p,Phoenix Suns,114,Los Angeles Clippers,103,Intuit Dome
11/9/2025,3:30p,Houston Rockets,122,Milwaukee Bucks,115,Fiserv Forum
11/9/2025,6:00p,Oklahoma City Thunder,114,Memphis Grizzlies,100,FedExForum
11/9/2025,6:00p,Brooklyn Nets,98,New York Knicks,134,Madison Square Garden (IV)
11/9/2025,6:00p,Boston Celtics,111,Orlando Magic,107,Kia Center
11/9/2025,7:30p,Detroit Pistons,111,Philadelphia 76ers,108,Xfinity Mobile Arena
11/9/2025,8:30p,Indiana Pacers,83,Golden State Warriors,114,Chase Center
11/9/2025,9:00p,Minnesota Timberwolves,144,Sacramento Kings,117,Golden 1 Center
11/10/2025,7:00p,Los Angeles Lakers,121,Charlotte Hornets,111,Spectrum Center
11/10/2025,7:00p,Washington Wizards,135,Detroit Pistons,137,Little Caesars Arena
11/10/2025,7:00p,Portland Trail Blazers,112,Orlando Magic,115,Kia Center
11/10/2025,7:30p,Cleveland Cavaliers,138,Miami Heat,140,Kaseya Center
11/10/2025,8:00p,San Antonio Spurs,121,Chicago Bulls,117,United Center
11/10/2025,8:30p,Milwaukee Bucks,116,Dallas Mavericks,114,American Airlines Center
11/10/2025,9:00p,New Orleans Pelicans,98,Phoenix Suns,121,Mortgage Matchup Center
11/10/2025,9:00p,Minnesota Timberwolves,120,Utah Jazz,113,Delta Center
11/10/2025,10:30p,Atlanta Hawks,105,Los Angeles Clippers,102,Intuit Dome
11/11/2025,7:30p,Toronto Raptors,119,Brooklyn Nets,109,Barclays Center
11/11/2025,7:30p,Memphis Grizzlies,120,New York Knicks,133,Madison Square Garden (IV)
11/11/2025,8:00p,Golden State Warriors,102,Oklahoma City Thunder,126,Paycom Center
11/11/2025,8:00p,Boston Celtics,100,Philadelphia 76ers,102,Xfinity Mobile Arena
11/11/2025,9:00p,Indiana Pacers,128,Utah Jazz,152,Delta Center
11/11/2025,11:00p,Denver Nuggets,122,Sacramento Kings,108,Golden 1 Center
11/12/2025,7:00p,Milwaukee Bucks,100,Charlotte Hornets,111,Spectrum Center
11/12/2025,7:00p,Chicago Bulls,113,Detroit Pistons,124,Little Caesars Arena
11/12/2025,7:00p,Orlando Magic,124,New York Knicks,107,Madison Square Garden (IV)
11/12/2025,7:30p,Memphis Grizzlies,95,Boston Celtics,131,TD Garden
11/12/2025,7:30p,Cleveland Cavaliers,130,Miami Heat,116,Kaseya Center
11/12/2025,8:00p,Washington Wizards,112,Houston Rockets,135,Toyota Center
11/12/2025,8:00p,Portland Trail Blazers,125,New Orleans Pelicans,117,Smoothie King Center
11/12/2025,8:00p,Golden State Warriors,125,San Antonio Spurs,120,Frost Bank Center
11/12/2025,8:30p,Phoenix Suns,123,Dallas Mavericks,114,American Airlines Center
11/12/2025,9:30p,Los Angeles Lakers,92,Oklahoma City Thunder,121,Paycom Center
11/12/2025,10:00p,Atlanta Hawks,133,Sacramento Kings,100,Golden 1 Center
11/12/2025,10:30p,Denver Nuggets,130,Los Angeles Clippers,116,Intuit Dome
11/13/2025,7:00p,Toronto Raptors,126,Cleveland Cavaliers,113,Rocket Arena
11/13/2025,9:00p,Indiana Pacers,98,Phoenix Suns,133,Mortgage Matchup Center
11/13/2025,9:00p,Atlanta Hawks,132,Utah Jazz,122,Delta Center
11/14/2025,7:00p,Miami Heat,132,New York Knicks,140,Madison Square Garden (IV)
11/14/2025,7:00p,Brooklyn Nets,98,Orlando Magic,105,Kia Center
11/14/2025,7:30p,Philadelphia 76ers,105,Detroit Pistons,114,Little Caesars Arena
11/14/2025,8:00p,Portland Trail Blazers,116,Houston Rockets,140,Toyota Center
11/14/2025,8:00p,Charlotte Hornets,134,Milwaukee Bucks,147,Fiserv Forum
11/14/2025,8:00p,Sacramento Kings,110,Minnesota Timberwolves,124,Target Center
11/14/2025,8:00p,Los Angeles Lakers,118,New Orleans Pelicans,104,Smoothie King Center
11/14/2025,8:30p,Los Angeles Clippers,133,Dallas Mavericks,127,American Airlines Center
11/14/2025,9:30p,Golden State Warriors,109,San Antonio Spurs,108,Frost Bank Center
11/15/2025,5:00p,Memphis Grizzlies,100,Cleveland Cavaliers,108,Rocket Arena
11/15/2025,7:00p,Oklahoma City Thunder,109,Charlotte Hornets,96,Spectrum Center
11/15/2025,7:00p,Toronto Raptors,129,Indiana Pacers,111,Gainbridge Fieldhouse
11/15/2025,8:00p,Los Angeles Lakers,119,Milwaukee Bucks,95,Fiserv Forum
11/15/2025,8:00p,Denver Nuggets,123,Minnesota Timberwolves,112,Target Center
11/16/2025,3:30p,Los Angeles Clippers,118,Boston Celtics,121,TD Garden
11/16/2025,4:00p,Sacramento Kings,110,San Antonio Spurs,123,Frost Bank Center
11/16/2025,6:00p,Brooklyn Nets,129,Washington Wizards,106,Capital One Arena
11/16/2025,7:00p,Orlando Magic,113,Houston Rockets,117,Toyota Center
11/16/2025,7:00p,Golden State Warriors,124,New Orleans Pelicans,106,Smoothie King Center
11/16/2025,7:30p,Portland Trail Blazers,133,Dallas Mavericks,138,American Airlines Center
11/16/2025,8:00p,Atlanta Hawks,124,Phoenix Suns,122,Mortgage Matchup Center
11/16/2025,8:00p,Chicago Bulls,147,Utah Jazz,150,Delta Center
11/17/2025,7:00p,Milwaukee Bucks,106,Cleveland Cavaliers,118,Rocket Arena
11/17/2025,7:00p,Indiana Pacers,112,Detroit Pistons,127,Little Caesars Arena
11/17/2025,7:00p,Los Angeles Clippers,108,Philadelphia 76ers,110,Xfinity Mobile Arena
11/17/2025,7:30p,New York Knicks,113,Miami Heat,115,Kaseya Center
11/17/2025,7:30p,Charlotte Hornets,108,Toronto Raptors,110,Scotiabank Arena
11/17/2025,8:00p,Dallas Mavericks,96,Minnesota Timberwolves,120,Target Center
11/17/2025,8:00p,Oklahoma City Thunder,126,New Orleans Pelicans,109,Smoothie King Center
11/17/2025,9:00p,Chicago Bulls,130,Denver Nuggets,127,Ball Arena
11/18/2025,7:00p,Golden State Warriors,113,Orlando Magic,121,Kia Center
11/18/2025,7:30p,Detroit Pistons,120,Atlanta Hawks,112,State Farm Arena
11/18/2025,7:30p,Boston Celtics,113,Brooklyn Nets,99,Barclays Center
11/18/2025,8:00p,Memphis Grizzlies,101,San Antonio Spurs,111,Frost Bank Center
11/18/2025,10:30p,Utah Jazz,126,Los Angeles Lakers,140,Crypto.com Arena
11/18/2025,11:00p,Phoenix Suns,127,Portland Trail Blazers,110,Moda Center
11/19/2025,7:00p,Houston Rockets,114,Cleveland Cavaliers,104,Rocket Arena
11/19/2025,7:00p,Charlotte Hornets,118,Indiana Pacers,127,Gainbridge Fieldhouse
11/19/2025,7:00p,Toronto Raptors,121,Philadelphia 76ers,112,Xfinity Mobile Arena
11/19/2025,7:30p,Golden State Warriors,96,Miami Heat,110,Kaseya Center
11/19/2025,8:00p,Washington Wizards,109,Minnesota Timberwolves,120,Target Center
11/19/2025,8:00p,Denver Nuggets,125,New Orleans Pelicans,118,Smoothie King Center
11/19/2025,8:00p,Sacramento Kings,99,Oklahoma City Thunder,113,Paycom Center
11/19/2025,9:30p,New York Knicks,113,Dallas Mavericks,111,American Airlines Center
11/19/2025,10:00p,Chicago Bulls,122,Portland Trail Blazers,121,Moda Center
11/20/2025,7:00p,Los Angeles Clippers,101,Orlando Magic,129,Kia Center
11/20/2025,8:00p,Sacramento Kings,96,Memphis Grizzlies,137,FedExForum
11/20/2025,8:00p,Philadelphia 76ers,123,Milwaukee Bucks,114,Fiserv Forum
11/20/2025,8:00p,Atlanta Hawks,126,San Antonio Spurs,135,Frost Bank Center
11/21/2025,7:00p,Indiana Pacers,109,Cleveland Cavaliers,120,Rocket Arena
11/21/2025,7:30p,Brooklyn Nets,113,Boston Celtics,105,TD Garden
11/21/2025,7:30p,Washington Wizards,110,Toronto Raptors,140,Scotiabank Arena
11/21/2025,8:00p,Miami Heat,143,Chicago Bulls,107,United Center
11/21/2025,8:30p,New Orleans Pelicans,115,Dallas Mavericks,118,American Airlines Center
11/21/2025,9:00p,Minnesota Timberwolves,113,Phoenix Suns,114,Mortgage Matchup Center
11/21/2025,9:30p,Denver Nuggets,112,Houston Rockets,109,Toyota Center
11/21/2025,10:00p,Portland Trail Blazers,127,Golden State Warriors,123,Chase Center
11/21/2025,10:00p,Oklahoma City Thunder,144,Utah Jazz,112,Delta Center
11/22/2025,1:00p,Los Angeles Clippers,131,Charlotte Hornets,116,Spectrum Center
11/22/2025,5:00p,New York Knicks,121,Orlando Magic,133,Kia Center
11/22/2025,7:00p,Atlanta Hawks,115,New Orleans Pelicans,98,Smoothie King Center
11/22/2025,8:00p,Washington Wizards,120,Chicago Bulls,121,United Center
11/22/2025,8:00p,Detroit Pistons,129,Milwaukee Bucks,116,Fiserv Forum
11/22/2025,8:30p,Memphis Grizzlies,102,Dallas Mavericks,96,American Airlines Center
11/22/2025,10:00p,Sacramento Kings,128,Denver Nuggets,123,Ball Arena
11/23/2025,1:00p,Miami Heat,127,Philadelphia 76ers,117,Xfinity Mobile Arena
11/23/2025,6:00p,Charlotte Hornets,110,Atlanta Hawks,113,State Farm Arena
11/23/2025,6:00p,Orlando Magic,129,Boston Celtics,138,TD Garden
11/23/2025,6:00p,Los Angeles Clippers,105,Cleveland Cavaliers,120,Rocket Arena
11/23/2025,6:00p,Brooklyn Nets,109,Toronto Raptors,119,Scotiabank Arena
11/23/2025,7:00p,Portland Trail Blazers,95,Oklahoma City Thunder,122,Paycom Center
11/23/2025,8:00p,San Antonio Spurs,102,Phoenix Suns,111,Mortgage Matchup Center
11/23/2025,8:00p,Los Angeles Lakers,108,Utah Jazz,106,Delta Center
11/24/2025,7:00p,Detroit Pistons,122,Indiana Pacers,117,Gainbridge Fieldhouse
11/24/2025,7:00p,Cleveland Cavaliers,99,Toronto Raptors,110,Scotiabank Arena
11/24/2025,7:30p,New York Knicks,113,Brooklyn Nets,100,Barclays Center
11/24/2025,7:30p,Dallas Mavericks,102,Miami Heat,106,Kaseya Center
11/24/2025,8:00p,Denver Nuggets,125,Memphis Grizzlies,115,FedExForum
11/24/2025,8:00p,Portland Trail Blazers,115,Milwaukee Bucks,103,Fiserv Forum
11/24/2025,8:00p,Chicago Bulls,130,New Orleans Pelicans,143,Smoothie King Center
11/24/2025,9:30p,Houston Rockets,114,Phoenix Suns,92,Mortgage Matchup Center
11/24/2025,10:00p,Utah Jazz,117,Golden State Warriors,134,Chase Center
11/24/2025,10:00p,Minnesota Timberwolves,112,Sacramento Kings,117,Golden 1 Center
11/25/2025,7:00p,Atlanta Hawks,113,Washington Wizards,132,Capital One Arena
11/25/2025,8:00p,Orlando Magic,144,Philadelphia 76ers,103,Xfinity Mobile Arena
11/25/2025,11:00p,Los Angeles Clippers,118,Los Angeles Lakers,135,Crypto.com Arena
11/26/2025,5:00p,Detroit Pistons,114,Boston Celtics,117,TD Garden
11/26/2025,7:00p,New York Knicks,129,Charlotte Hornets,101,Spectrum Center
11/26/2025,7:30p,Milwaukee Bucks,103,Miami Heat,106,Kaseya Center
11/26/2025,7:30p,Minnesota Timberwolves,105,Oklahoma City Thunder,113,Paycom Center
11/26/2025,7:30p,Indiana Pacers,95,Toronto Raptors,97,Scotiabank Arena
11/26/2025,8:00p,Memphis Grizzlies,133,New Orleans Pelicans,128,Smoothie King Center
11/26/2025,10:00p,Houston Rockets,104,Golden State Warriors,100,Chase Center
11/26/2025,10:00p,San Antonio Spurs,115,Portland Trail Blazers,102,Moda Center
11/26/2025,10:00p,Phoenix Suns,112,Sacramento Kings,100,Golden 1 Center
11/28/2025,7:30p,Cleveland Cavaliers,123,Atlanta Hawks,130,State Farm Arena
11/28/2025,7:30p,Philadelphia 76ers,115,Brooklyn Nets,103,Barclays Center
11/28/2025,7:30p,Chicago Bulls,116,Charlotte Hornets,123,Spectrum Center
11/28/2025,7:30p,Orlando Magic,112,Detroit Pistons,109,Little Caesars Arena
11/28/2025,7:30p,Washington Wizards,86,Indiana Pacers,119,Gainbridge Fieldhouse
11/28/2025,7:30p,Milwaukee Bucks,109,New York Knicks,118,Madison Square Garden (IV)
11/28/2025,9:30p,San Antonio Spurs,139,Denver Nuggets,136,Ball Arena
11/28/2025,9:30p,Phoenix Suns,119,Oklahoma City Thunder,123,Paycom Center
11/28/2025,9:30p,Sacramento Kings,119,Utah Jazz,128,Delta Center
11/28/2025,10:00p,Memphis Grizzlies,112,Los Angeles Clippers,107,Intuit Dome
11/28/2025,10:00p,Dallas Mavericks,119,Los Angeles Lakers,129,Crypto.com Arena
11/29/2025,5:00p,Boston Celtics,115,Minnesota Timberwolves,119,Target Center
11/29/2025,6:00p,Toronto Raptors,111,Charlotte Hornets,118,Spectrum Center
11/29/2025,7:30p,Chicago Bulls,101,Indiana Pacers,103,Gainbridge Fieldhouse
11/29/2025,8:00p,Detroit Pistons,138,Miami Heat,135,Kaseya Center
11/29/2025,8:00p,Brooklyn Nets,99,Milwaukee Bucks,116,Fiserv Forum
11/29/2025,8:30p,New Orleans Pelicans,96,Golden State Warriors,104,Chase Center
11/29/2025,9:00p,Denver Nuggets,130,Phoenix Suns,112,Mortgage Matchup Center
11/29/2025,10:00p,Dallas Mavericks,114,Los Angeles Clippers,110,Intuit Dome
11/30/2025,3:00p,Houston Rockets,129,Utah Jazz,101,Delta Center
11/30/2025,6:00p,Boston Celtics,117,Cleveland Cavaliers,115,Rocket Arena
11/30/2025,6:00p,Toronto Raptors,94,New York Knicks,116,Madison Square Garden (IV)
11/30/2025,6:00p,Atlanta Hawks,142,Philadelphia 76ers,134,Xfinity Mobile Arena
11/30/2025,6:00p,Oklahoma City Thunder,123,Portland Trail Blazers,115,Moda Center
11/30/2025,7:00p,San Antonio Spurs,112,Minnesota Timberwolves,125,Target Center
11/30/2025,9:00p,Memphis Grizzlies,115,Sacramento Kings,107,Golden 1 Center
11/30/2025,9:30p,New Orleans Pelicans,121,Los Angeles Lakers,133,Crypto.com Arena
12/1/2025,7:00p,Atlanta Hawks,98,Detroit Pistons,99,Little Caesars Arena
12/1/2025,7:00p,Cleveland Cavaliers,135,Indiana Pacers,119,Gainbridge Fieldhouse
12/1/2025,7:00p,Milwaukee Bucks,126,Washington Wizards,129,Capital One Arena
12/1/2025,7:30p,Charlotte Hornets,103,Brooklyn Nets,116,Barclays Center
12/1/2025,7:30p,Los Angeles Clippers,123,Miami Heat,140,Kaseya Center
12/1/2025,7:30p,Chicago Bulls,120,Orlando Magic,125,Kia Center
12/1/2025,9:00p,Dallas Mavericks,131,Denver Nuggets,121,Ball Arena
12/1/2025,9:00p,Houston Rockets,125,Utah Jazz,133,Delta Center
12/1/2025,10:00p,Phoenix Suns,125,Los Angeles Lakers,108,Crypto.com Arena
12/2/2025,7:00p,Washington Wizards,102,Philadelphia 76ers,121,Xfinity Mobile Arena
12/2/2025,7:30p,Portland Trail Blazers,118,Toronto Raptors,121,Scotiabank Arena
12/2/2025,8:00p,New York Knicks,117,Boston Celtics,123,TD Garden
12/2/2025,8:00p,Minnesota Timberwolves,149,New Orleans Pelicans,142,Smoothie King Center
12/2/2025,8:00p,Memphis Grizzlies,119,San Antonio Spurs,126,Frost Bank Center
12/2/2025,11:00p,Oklahoma City Thunder,124,Golden State Warriors,112,Chase Center
12/3/2025,7:00p,Portland Trail Blazers,122,Cleveland Cavaliers,110,Rocket Arena
12/3/2025,7:00p,Denver Nuggets,135,Indiana Pacers,120,Gainbridge Fieldhouse
12/3/2025,7:00p,San Antonio Spurs,114,Orlando Magic,112,Kia Center
12/3/2025,7:30p,Los Angeles Clippers,115,Atlanta Hawks,92,State Farm Arena
12/3/2025,7:30p,Charlotte Hornets,104,New York Knicks,119,Madison Square Garden (IV)
12/3/2025,8:00p,Brooklyn Nets,113,Chicago Bulls,103,United Center
12/3/2025,8:00p,Sacramento Kings,95,Houston Rockets,121,Toyota Center
12/3/2025,8:00p,Detroit Pistons,109,Milwaukee Bucks,113,Fiserv Forum
12/3/2025,8:30p,Miami Heat,108,Dallas Mavericks,118,American Airlines Center
12/4/2025,7:00p,Golden State Warriors,98,Philadelphia 76ers,99,Xfinity Mobile Arena
12/4/2025,7:00p,Boston Celtics,146,Washington Wizards,101,Capital One Arena
12/4/2025,7:30p,Utah Jazz,123,Brooklyn Nets,110,Barclays Center
12/4/2025,7:30p,Los Angeles Lakers,123,Toronto Raptors,120,Scotiabank Arena
12/4/2025,8:00p,Minnesota Timberwolves,125,New Orleans Pelicans,116,Smoothie King Center
12/5/2025,7:00p,Los Angeles Lakers,105,Boston Celtics,126,TD Garden
12/5/2025,7:00p,Miami Heat,105,Orlando Magic,106,Kia Center
12/5/2025,7:30p,Denver Nuggets,134,Atlanta Hawks,133,State Farm Arena
12/5/2025,7:30p,San Antonio Spurs,117,Cleveland Cavaliers,130,Rocket Arena
12/5/2025,7:30p,Portland Trail Blazers,116,Detroit Pistons,122,Little Caesars Arena
12/5/2025,7:30p,Utah Jazz,112,New York Knicks,146,Madison Square Garden (IV)
12/5/2025,7:30p,Charlotte Hornets,111,Toronto Raptors,86,Scotiabank Arena
12/5/2025,8:00p,Indiana Pacers,120,Chicago Bulls,105,United Center
12/5/2025,8:00p,Phoenix Suns,98,Houston Rockets,117,Toyota Center
12/5/2025,8:00p,Los Angeles Clippers,98,Memphis Grizzlies,107,FedExForum
12/5/2025,8:00p,Philadelphia 76ers,116,Milwaukee Bucks,101,Fiserv Forum
12/5/2025,9:30p,Dallas Mavericks,111,Oklahoma City Thunder,132,Paycom Center
12/6/2025,5:00p,New Orleans Pelicans,101,Brooklyn Nets,119,Barclays Center
12/6/2025,7:00p,Atlanta Hawks,131,Washington Wizards,116,Capital One Arena
12/6/2025,7:30p,Golden State Warriors,99,Cleveland Cavaliers,94,Rocket Arena
12/6/2025,7:30p,Milwaukee Bucks,112,Detroit Pistons,124,Little Caesars Arena
12/6/2025,8:00p,Sacramento Kings,127,Miami Heat,111,Kaseya Center
12/6/2025,8:00p,Los Angeles Clippers,106,Minnesota Timberwolves,109,Target Center
12/6/2025,8:30p,Houston Rockets,109,Dallas Mavericks,122,American Airlines Center
12/7/2025,12:00p,Orlando Magic,100,New York Knicks,106,Madison Square Garden (IV)
12/7/2025,3:30p,Boston Celtics,121,Toronto Raptors,113,Scotiabank Arena
12/7/2025,6:00p,Denver Nuggets,115,Charlotte Hornets,106,Spectrum Center
12/7/2025,6:00p,Portland Trail Blazers,96,Memphis Grizzlies,119,FedExForum
12/7/2025,7:00p,Golden State Warriors,123,Chicago Bulls,91,United Center
12/7/2025,7:30p,Los Angeles Lakers,112,Philadelphia 76ers,108,Xfinity Mobile Arena
12/7/2025,8:00p,Oklahoma City Thunder,131,Utah Jazz,101,Delta Center
12/8/2025,7:00p,Sacramento Kings,105,Indiana Pacers,116,Gainbridge Fieldhouse
12/8/2025,7:30p,Phoenix Suns,108,Minnesota Timberwolves,105,Target Center
12/8/2025,8:00p,San Antonio Spurs,135,New Orleans Pelicans,132,Smoothie King Center
12/9/2025,6:00p,Miami Heat,108,Orlando Magic,117,Kia Center
12/9/2025,8:30p,New York Knicks,117,Toronto Raptors,101,Scotiabank Arena
12/10/2025,7:30p,Phoenix Suns,89,Oklahoma City Thunder,138,Paycom Center
12/10/2025,10:00p,San Antonio Spurs,132,Los Angeles Lakers,119,Crypto.com Arena
12/11/2025,8:00p,Los Angeles Clippers,113,Houston Rockets,115,Toyota Center
12/11/2025,8:00p,Boston Celtics,101,Milwaukee Bucks,116,Fiserv Forum
12/11/2025,8:00p,Portland Trail Blazers,120,New Orleans Pelicans,143,Smoothie King Center
12/11/2025,10:00p,Denver Nuggets,136,Sacramento Kings,105,Golden 1 Center
12/12/2025,7:00p,Chicago Bulls,129,Charlotte Hornets,126,Spectrum Center
12/12/2025,7:00p,Atlanta Hawks,115,Detroit Pistons,142,Little Caesars Arena
12/12/2025,7:00p,Indiana Pacers,105,Philadelphia 76ers,115,Xfinity Mobile Arena
12/12/2025,7:00p,Cleveland Cavaliers,130,Washington Wizards,126,Capital One Arena
12/12/2025,8:00p,Utah Jazz,130,Memphis Grizzlies,126,FedExForum
12/12/2025,8:30p,Brooklyn Nets,111,Dallas Mavericks,119,American Airlines Center
12/12/2025,10:00p,Minnesota Timberwolves,127,Golden State Warriors,120,Chase Center
12/13/2025,5:30p,New York Knicks,132,Orlando Magic,120,T-Mobile Arena
12/13/2025,9:00p,San Antonio Spurs,111,Oklahoma City Thunder,109,T-Mobile Arena
12/14/2025,3:00p,Washington Wizards,108,Indiana Pacers,89,Gainbridge Fieldhouse
12/14/2025,3:30p,Charlotte Hornets,119,Cleveland Cavaliers,111,Rocket Arena
12/14/2025,6:00p,Philadelphia 76ers,117,Atlanta Hawks,120,State Farm Arena
12/14/2025,6:00p,Milwaukee Bucks,82,Brooklyn Nets,127,Barclays Center
12/14/2025,7:00p,New Orleans Pelicans,114,Chicago Bulls,104,United Center
12/14/2025,7:00p,Sacramento Kings,103,Minnesota Timberwolves,117,Target Center
12/14/2025,8:00p,Los Angeles Lakers,116,Phoenix Suns,114,Mortgage Matchup Center
12/14/2025,9:00p,Golden State Warriors,131,Portland Trail Blazers,136,Moda Center
12/15/2025,7:00p,Detroit Pistons,112,Boston Celtics,105,TD Garden
12/15/2025,7:30p,Toronto Raptors,106,Miami Heat,96,Kaseya Center
12/15/2025,9:00p,Dallas Mavericks,133,Utah Jazz,140,Delta Center
12/15/2025,9:30p,Houston Rockets,125,Denver Nuggets,128,Ball Arena
12/15/2025,10:30p,Memphis Grizzlies,121,Los Angeles Clippers,103,Intuit Dome
12/16/2025,8:30p,San Antonio Spurs,113,New York Knicks,124,T-Mobile Arena
12/17/2025,8:00p,Cleveland Cavaliers,111,Chicago Bulls,127,United Center
12/17/2025,8:00p,Memphis Grizzlies,116,Minnesota Timberwolves,110,Target Center
12/18/2025,7:00p,Atlanta Hawks,126,Charlotte Hornets,133,Spectrum Center
12/18/2025,7:00p,New York Knicks,114,Indiana Pacers,113,Gainbridge Fieldhouse
12/18/2025,7:30p,Miami Heat,106,Brooklyn Nets,95,Barclays Center
12/18/2025,8:00p,Toronto Raptors,111,Milwaukee Bucks,105,Fiserv Forum
12/18/2025,8:00p,Houston Rockets,128,New Orleans Pelicans,133,Smoothie King Center
12/18/2025,8:00p,Los Angeles Clippers,101,Oklahoma City Thunder,122,Paycom Center
12/18/2025,8:00p,Washington Wizards,94,San Antonio Spurs,119,Frost Bank Center
12/18/2025,8:30p,Detroit Pistons,114,Dallas Mavericks,116,American Airlines Center
12/18/2025,9:00p,Orlando Magic,115,Denver Nuggets,126,Ball Arena
12/18/2025,9:00p,Golden State Warriors,98,Phoenix Suns,99,Mortgage Matchup Center
12/18/2025,9:00p,Los Angeles Lakers,143,Utah Jazz,135,Delta Center
12/18/2025,10:00p,Sacramento Kings,133,Portland Trail Blazers,134,Moda Center
12/19/2025,7:00p,Miami Heat,116,Boston Celtics,129,TD Garden
12/19/2025,7:00p,Philadelphia 76ers,116,New York Knicks,107,Madison Square Garden (IV)
12/19/2025,7:30p,San Antonio Spurs,126,Atlanta Hawks,98,State Farm Arena
12/19/2025,7:30p,Chicago Bulls,136,Cleveland Cavaliers,125,Rocket Arena
12/19/2025,9:30p,Oklahoma City Thunder,107,Minnesota Timberwolves,112,Target Center
12/20/2025,5:00p,Houston Rockets,115,Denver Nuggets,101,Ball Arena
12/20/2025,7:00p,Indiana Pacers,109,New Orleans Pelicans,128,Smoothie King Center
12/20/2025,7:00p,Dallas Mavericks,114,Philadelphia 76ers,121,Xfinity Mobile Arena
12/20/2025,7:00p,Boston Celtics,112,Toronto Raptors,96,Scotiabank Arena
12/20/2025,7:30p,Charlotte Hornets,86,Detroit Pistons,112,Little Caesars Arena
12/20/2025,8:00p,Washington Wizards,130,Memphis Grizzlies,122,FedExForum
12/20/2025,8:30p,Phoenix Suns,116,Golden State Warriors,119,Chase Center
12/20/2025,9:30p,Orlando Magic,128,Utah Jazz,127,Delta Center
12/20/2025,10:00p,Portland Trail Blazers,98,Sacramento Kings,93,Golden 1 Center
12/20/2025,10:30p,Los Angeles Lakers,88,Los Angeles Clippers,103,Intuit Dome
12/21/2025,3:30p,Chicago Bulls,152,Atlanta Hawks,150,State Farm Arena
12/21/2025,6:00p,Toronto Raptors,81,Brooklyn Nets,96,Barclays Center
12/21/2025,6:00p,Miami Heat,125,New York Knicks,132,Madison Square Garden (IV)
12/21/2025,7:00p,Milwaukee Bucks,100,Minnesota Timberwolves,103,Target Center
12/21/2025,7:00p,San Antonio Spurs,124,Washington Wizards,113,Capital One Arena
12/21/2025,10:00p,Houston Rockets,124,Sacramento Kings,125,Golden 1 Center
12/22/2025,7:00p,Charlotte Hornets,132,Cleveland Cavaliers,139,Rocket Arena
12/22/2025,7:30p,Indiana Pacers,95,Boston Celtics,103,TD Garden
12/22/2025,8:00p,Dallas Mavericks,113,New Orleans Pelicans,119,Smoothie King Center
12/22/2025,9:00p,Utah Jazz,112,Denver Nuggets,135,Ball Arena
12/22/2025,9:30p,Memphis Grizzlies,103,Oklahoma City Thunder,119,Paycom Center
12/22/2025,10:00p,Orlando Magic,97,Golden State Warriors,120,Chase Center
12/22/2025,10:00p,Detroit Pistons,110,Portland Trail Blazers,102,Moda Center
12/23/2025,7:00p,Washington Wizards,109,Charlotte Hornets,126,Spectrum Center
12/23/2025,7:00p,Brooklyn Nets,114,Philadelphia 76ers,106,Xfinity Mobile Arena
12/23/2025,7:30p,Chicago Bulls,126,Atlanta Hawks,123,State Farm Arena
12/23/2025,7:30p,New Orleans Pelicans,118,Cleveland Cavaliers,141,Rocket Arena
12/23/2025,7:30p,Milwaukee Bucks,111,Indiana Pacers,94,Gainbridge Fieldhouse
12/23/2025,7:30p,Toronto Raptors,112,Miami Heat,91,Kaseya Center
12/23/2025,8:00p,Denver Nuggets,130,Dallas Mavericks,131,American Airlines Center
12/23/2025,8:00p,New York Knicks,104,Minnesota Timberwolves,115,Target Center
12/23/2025,8:30p,Oklahoma City Thunder,110,San Antonio Spurs,130,Frost Bank Center
12/23/2025,9:00p,Los Angeles Lakers,108,Phoenix Suns,132,Mortgage Matchup Center
12/23/2025,9:00p,Memphis Grizzlies,137,Utah Jazz,128,Delta Center
12/23/2025,10:00p,Orlando Magic,110,Portland Trail Blazers,106,Moda Center
12/23/2025,10:00p,Detroit Pistons,136,Sacramento Kings,127,Golden 1 Center
12/23/2025,10:30p,Houston Rockets,108,Los Angeles Clippers,128,Intuit Dome
12/25/2025,12:00p,Cleveland Cavaliers,124,New York Knicks,126,Madison Square Garden (IV)
12/25/2025,2:30p,San Antonio Spurs,117,Oklahoma City Thunder,102,Paycom Center
12/25/2025,5:00p,Dallas Mavericks,116,Golden State Warriors,126,Chase Center
12/25/2025,8:00p,Houston Rockets,119,Los Angeles Lakers,96,Crypto.com Arena
12/25/2025,10:30p,Minnesota Timberwolves,138,Denver Nuggets,142,Ball Arena
12/26/2025,7:00p,Miami Heat,126,Atlanta Hawks,111,State Farm Arena
12/26/2025,7:00p,Boston Celtics,140,Indiana Pacers,122,Gainbridge Fieldhouse
12/26/2025,7:00p,Charlotte Hornets,120,Orlando Magic,105,Kia Center
12/26/2025,7:00p,Toronto Raptors,117,Washington Wizards,138,Capital One Arena
12/26/2025,7:30p,Philadelphia 76ers,102,Chicago Bulls,109,United Center
12/26/2025,8:00p,Milwaukee Bucks,104,Memphis Grizzlies,125,FedExForum
12/26/2025,8:00p,Phoenix Suns,115,New Orleans Pelicans,108,Smoothie King Center
12/26/2025,9:30p,Detroit Pistons,129,Utah Jazz,131,Delta Center
12/26/2025,10:00p,Los Angeles Clippers,119,Portland Trail Blazers,103,Moda Center
12/27/2025,5:00p,Dallas Mavericks,107,Sacramento Kings,113,Golden 1 Center
12/27/2025,7:00p,Phoenix Suns,123,New Orleans Pelicans,114,Smoothie King Center
12/27/2025,7:00p,Denver Nuggets,126,Orlando Magic,127,Kia Center
12/27/2025,8:00p,New York Knicks,128,Atlanta Hawks,125,State Farm Arena
12/27/2025,8:00p,Milwaukee Bucks,112,Chicago Bulls,103,United Center
12/27/2025,8:00p,Cleveland Cavaliers,100,Houston Rockets,117,Toyota Center
12/27/2025,8:00p,Indiana Pacers,116,Miami Heat,142,Kaseya Center
12/27/2025,8:00p,Brooklyn Nets,123,Minnesota Timberwolves,107,Target Center
12/27/2025,8:00p,Utah Jazz,127,San Antonio Spurs,114,Frost Bank Center
12/28/2025,3:30p,Philadelphia 76ers,104,Oklahoma City Thunder,129,Paycom Center
12/28/2025,3:30p,Golden State Warriors,127,Toronto Raptors,141,Scotiabank Arena
12/28/2025,6:00p,Boston Celtics,108,Portland Trail Blazers,114,Moda Center
12/28/2025,6:00p,Memphis Grizzlies,112,Washington Wizards,116,Capital One Arena
12/28/2025,9:00p,Detroit Pistons,99,Los Angeles Clippers,112,Intuit Dome
12/28/2025,9:30p,Sacramento Kings,101,Los Angeles Lakers,125,Crypto.com Arena
12/29/2025,7:00p,Milwaukee Bucks,123,Charlotte Hornets,113,Spectrum Center
12/29/2025,7:00p,Phoenix Suns,115,Washington Wizards,101,Capital One Arena
12/29/2025,7:30p,Golden State Warriors,120,Brooklyn Nets,107,Barclays Center
12/29/2025,7:30p,Denver Nuggets,123,Miami Heat,147,Kaseya Center
12/29/2025,7:30p,Orlando Magic,106,Toronto Raptors,107,Scotiabank Arena
12/29/2025,8:00p,Minnesota Timberwolves,136,Chicago Bulls,101,United Center
12/29/2025,8:00p,Indiana Pacers,119,Houston Rockets,126,Toyota Center
12/29/2025,8:00p,New York Knicks,130,New Orleans Pelicans,125,Smoothie King Center
12/29/2025,8:00p,Atlanta Hawks,129,Oklahoma City Thunder,140,Paycom Center
12/29/2025,8:00p,Cleveland Cavaliers,113,San Antonio Spurs,101,Frost Bank Center
12/29/2025,10:30p,Dallas Mavericks,122,Portland Trail Blazers,125,Moda Center
12/30/2025,8:00p,Philadelphia 76ers,139,Memphis Grizzlies,136,FedExForum
12/30/2025,9:00p,Boston Celtics,129,Utah Jazz,119,Delta Center
12/30/2025,10:30p,Detroit Pistons,128,Los Angeles Lakers,106,Crypto.com Arena
12/30/2025,11:00p,Sacramento Kings,90,Los Angeles Clippers,131,Intuit Dome
12/31/2025,1:00p,Golden State Warriors,132,Charlotte Hornets,125,Spectrum Center
12/31/2025,3:00p,Minnesota Timberwolves,102,Atlanta Hawks,126,State Farm Arena
12/31/2025,3:00p,Orlando Magic,112,Indiana Pacers,110,Gainbridge Fieldhouse
12/31/2025,3:30p,Phoenix Suns,113,Cleveland Cavaliers,129,Rocket Arena
12/31/2025,7:00p,New Orleans Pelicans,118,Chicago Bulls,134,United Center
12/31/2025,7:00p,New York Knicks,132,San Antonio Spurs,134,Frost Bank Center
12/31/2025,7:30p,Denver Nuggets,106,Toronto Raptors,103,Scotiabank Arena
12/31/2025,8:00p,Washington Wizards,114,Milwaukee Bucks,113,Fiserv Forum
12/31/2025,8:00p,Portland Trail Blazers,95,Oklahoma City Thunder,124,Paycom Center
1/1/2026,6:00p,Houston Rockets,120,Brooklyn Nets,96,Barclays Center
1/1/2026,7:00p,Miami Heat,118,Detroit Pistons,112,Little Caesars Arena
1/1/2026,8:30p,Philadelphia 76ers,123,Dallas Mavericks,108,American Airlines Center
1/1/2026,10:00p,Boston Celtics,120,Sacramento Kings,106,Golden 1 Center
1/1/2026,10:30p,Utah Jazz,101,Los Angeles Clippers,118,Intuit Dome
1/2/2026,7:00p,San Antonio Spurs,123,Indiana Pacers,113,Gainbridge Fieldhouse
1/2/2026,7:00p,Brooklyn Nets,99,Washington Wizards,119,Capital One Arena
1/2/2026,7:30p,Denver Nuggets,108,Cleveland Cavaliers,113,Rocket Arena
1/2/2026,7:30p,Atlanta Hawks,111,New York Knicks,99,Madison Square Garden (IV)
1/2/2026,8:00p,Orlando Magic,114,Chicago Bulls,121,United Center
1/2/2026,8:00p,Charlotte Hornets,121,Milwaukee Bucks,122,Fiserv Forum
1/2/2026,8:00p,Portland Trail Blazers,122,New Orleans Pelicans,109,Smoothie King Center
1/2/2026,9:00p,Sacramento Kings,102,Phoenix Suns,129,Mortgage Matchup Center
1/2/2026,10:00p,Oklahoma City Thunder,131,Golden State Warriors,94,Chase Center
1/2/2026,10:30p,Memphis Grizzlies,121,Los Angeles Lakers,128,Crypto.com Arena
1/3/2026,5:00p,Minnesota Timberwolves,125,Miami Heat,115,Kaseya Center
1/3/2026,7:30p,Philadelphia 76ers,130,New York Knicks,119,Madison Square Garden (IV)
1/3/2026,7:30p,Atlanta Hawks,117,Toronto Raptors,134,Scotiabank Arena
1/3/2026,8:00p,Charlotte Hornets,112,Chicago Bulls,99,United Center
1/3/2026,8:00p,Portland Trail Blazers,115,San Antonio Spurs,110,Frost Bank Center
1/3/2026,8:30p,Houston Rockets,104,Dallas Mavericks,110,American Airlines Center
1/3/2026,10:00p,Utah Jazz,114,Golden State Warriors,123,Chase Center
1/3/2026,10:30p,Boston Celtics,146,Los Angeles Clippers,115,Intuit Dome
1/4/2026,2:00p,Detroit Pistons,114,Cleveland Cavaliers,110,Rocket Arena
1/4/2026,3:00p,Indiana Pacers,127,Orlando Magic,135,Kia Center
1/4/2026,3:30p,Denver Nuggets,115,Brooklyn Nets,127,Barclays Center
1/4/2026,6:00p,New Orleans Pelicans,106,Miami Heat,125,Kaseya Center
1/4/2026,6:00p,Minnesota Timberwolves,141,Washington Wizards,115,Capital One Arena
1/4/2026,8:00p,Oklahoma City Thunder,105,Phoenix Suns,108,Mortgage Matchup Center
1/4/2026,9:00p,Milwaukee Bucks,115,Sacramento Kings,98,Golden 1 Center
1/4/2026,9:30p,Memphis Grizzlies,114,Los Angeles Lakers,120,Crypto.com Arena
1/5/2026,7:00p,New York Knicks,90,Detroit Pistons,121,Little Caesars Arena
1/5/2026,7:30p,Chicago Bulls,101,Boston Celtics,115,TD Garden
1/5/2026,7:30p,Atlanta Hawks,100,Toronto Raptors,118,Scotiabank Arena
1/5/2026,8:00p,Phoenix Suns,97,Houston Rockets,100,Toyota Center
1/5/2026,8:00p,Charlotte Hornets,124,Oklahoma City Thunder,97,Paycom Center
1/5/2026,8:30p,Denver Nuggets,125,Philadelphia 76ers,124,Xfinity Mobile Arena
1/5/2026,10:00p,Golden State Warriors,102,Los Angeles Clippers,103,Intuit Dome
1/5/2026,10:00p,Utah Jazz,117,Portland Trail Blazers,137,Moda Center
1/6/2026,7:00p,Cleveland Cavaliers,120,Indiana Pacers,116,Gainbridge Fieldhouse
1/6/2026,7:00p,Orlando Magic,112,Washington Wizards,120,Capital One Arena
1/6/2026,8:00p,San Antonio Spurs,105,Memphis Grizzlies,106,FedExForum
1/6/2026,8:00p,Miami Heat,94,Minnesota Timberwolves,122,Target Center
1/6/2026,8:00p,Los Angeles Lakers,111,New Orleans Pelicans,103,Smoothie King Center
1/6/2026,11:00p,Dallas Mavericks,100,Sacramento Kings,98,Golden 1 Center
1/7/2026,7:00p,Denver Nuggets,114,Boston Celtics,110,TD Garden
1/7/2026,7:00p,Toronto Raptors,97,Charlotte Hornets,96,Spectrum Center
1/7/2026,7:00p,Chicago Bulls,93,Detroit Pistons,108,Little Caesars Arena
1/7/2026,7:00p,Washington Wizards,110,Philadelphia 76ers,131,Xfinity Mobile Arena
1/7/2026,7:30p,New Orleans Pelicans,100,Atlanta Hawks,117,State Farm Arena
1/7/2026,7:30p,Orlando Magic,104,Brooklyn Nets,103,Barclays Center
1/7/2026,7:30p,Los Angeles Clippers,111,New York Knicks,123,Madison Square Garden (IV)
1/7/2026,8:00p,Phoenix Suns,117,Memphis Grizzlies,98,FedExForum
1/7/2026,8:00p,Utah Jazz,125,Oklahoma City Thunder,129,Paycom Center
1/7/2026,9:30p,Los Angeles Lakers,91,San Antonio Spurs,107,Frost Bank Center
1/7/2026,10:00p,Milwaukee Bucks,113,Golden State Warriors,120,Chase Center
1/7/2026,10:00p,Houston Rockets,102,Portland Trail Blazers,103,Moda Center
1/8/2026,7:00p,Indiana Pacers,114,Charlotte Hornets,112,Spectrum Center
1/8/2026,8:00p,Cleveland Cavaliers,122,Minnesota Timberwolves,131,Target Center
1/8/2026,9:00p,Dallas Mavericks,114,Utah Jazz,116,Delta Center
1/9/2026,7:00p,Toronto Raptors,117,Boston Celtics,125,TD Garden
1/9/2026,7:00p,Philadelphia 76ers,103,Orlando Magic,91,Kia Center
1/9/2026,7:00p,New Orleans Pelicans,128,Washington Wizards,107,Capital One Arena
1/9/2026,7:30p,Los Angeles Clippers,121,Brooklyn Nets,105,Barclays Center
1/9/2026,8:00p,Oklahoma City Thunder,117,Memphis Grizzlies,116,FedExForum
1/9/2026,9:00p,Atlanta Hawks,110,Denver Nuggets,87,Ball Arena
1/9/2026,9:00p,New York Knicks,107,Phoenix Suns,112,Mortgage Matchup Center
1/9/2026,10:00p,Sacramento Kings,103,Golden State Warriors,137,Chase Center
1/9/2026,10:00p,Houston Rockets,105,Portland Trail Blazers,111,Moda Center
1/9/2026,10:30p,Milwaukee Bucks,105,Los Angeles Lakers,101,Crypto.com Arena
1/10/2026,1:00p,Minnesota Timberwolves,134,Cleveland Cavaliers,146,Rocket Arena
1/10/2026,7:00p,Miami Heat,99,Indiana Pacers,123,Gainbridge Fieldhouse
1/10/2026,7:30p,Los Angeles Clippers,98,Detroit Pistons,92,Little Caesars Arena
1/10/2026,8:00p,San Antonio Spurs,100,Boston Celtics,95,TD Garden
1/10/2026,8:00p,Dallas Mavericks,107,Chicago Bulls,125,United Center
1/10/2026,9:30p,Charlotte Hornets,150,Utah Jazz,95,Delta Center
1/11/2026,3:00p,New Orleans Pelicans,118,Orlando Magic,128,Kia Center
1/11/2026,3:30p,Brooklyn Nets,98,Memphis Grizzlies,103,FedExForum
1/11/2026,6:00p,New York Knicks,123,Portland Trail Blazers,114,Moda Center
1/11/2026,6:00p,Philadelphia 76ers,115,Toronto Raptors,116,Scotiabank Arena
1/11/2026,7:00p,San Antonio Spurs,103,Minnesota Timberwolves,104,Target Center
1/11/2026,7:00p,Miami Heat,112,Oklahoma City Thunder,124,Paycom Center
1/11/2026,8:00p,Milwaukee Bucks,104,Denver Nuggets,108,Ball Arena
1/11/2026,8:00p,Washington Wizards,93,Phoenix Suns,112,Mortgage Matchup Center
1/11/2026,8:30p,Atlanta Hawks,124,Golden State Warriors,111,Chase Center
1/11/2026,9:00p,Houston Rockets,98,Sacramento Kings,111,Golden 1 Center
1/12/2026,7:00p,Utah Jazz,123,Cleveland Cavaliers,112,Rocket Arena
1/12/2026,7:30p,Boston Celtics,96,Indiana Pacers,98,Gainbridge Fieldhouse
1/12/2026,7:30p,Philadelphia 76ers,115,Toronto Raptors,102,Scotiabank Arena
1/12/2026,8:30p,Brooklyn Nets,105,Dallas Mavericks,113,American Airlines Center
1/12/2026,10:00p,Los Angeles Lakers,112,Sacramento Kings,124,Golden 1 Center
1/12/2026,10:30p,Charlotte Hornets,109,Los Angeles Clippers,117,Intuit Dome
1/13/2026,7:30p,Phoenix Suns,121,Miami Heat,127,Kaseya Center
1/13/2026,8:00p,Chicago Bulls,113,Houston Rockets,119,Toyota Center
1/13/2026,8:00p,Minnesota Timberwolves,139,Milwaukee Bucks,106,Fiserv Forum
1/13/2026,8:00p,Denver Nuggets,122,New Orleans Pelicans,116,Smoothie King Center
1/13/2026,8:00p,San Antonio Spurs,98,Oklahoma City Thunder,119,Paycom Center
1/13/2026,10:30p,Atlanta Hawks,116,Los Angeles Lakers,141,Crypto.com Arena
1/13/2026,11:00p,Portland Trail Blazers,97,Golden State Warriors,119,Chase Center
1/14/2026,7:00p,Toronto Raptors,115,Indiana Pacers,101,Gainbridge Fieldhouse
1/14/2026,7:00p,Cleveland Cavaliers,133,Philadelphia 76ers,107,Xfinity Mobile Arena
1/14/2026,8:00p,Utah Jazz,126,Chicago Bulls,128,United Center
1/14/2026,8:00p,Brooklyn Nets,113,New Orleans Pelicans,116,Smoothie King Center
1/14/2026,9:30p,Denver Nuggets,118,Dallas Mavericks,109,American Airlines Center
1/14/2026,10:00p,New York Knicks,101,Sacramento Kings,112,Golden 1 Center
1/14/2026,10:30p,Washington Wizards,105,Los Angeles Clippers,119,Intuit Dome
1/15/2026,2:00p,Memphis Grizzlies,111,Orlando Magic,118,Uber Arena
1/15/2026,7:00p,Phoenix Suns,105,Detroit Pistons,108,Little Caesars Arena
1/15/2026,7:30p,Oklahoma City Thunder,111,Houston Rockets,91,Toyota Center
1/15/2026,7:30p,Boston Celtics,119,Miami Heat,114,Kaseya Center
1/15/2026,8:00p,Milwaukee Bucks,101,San Antonio Spurs,119,Frost Bank Center
1/15/2026,8:30p,Utah Jazz,122,Dallas Mavericks,144,American Airlines Center
1/15/2026,10:00p,New York Knicks,113,Golden State Warriors,126,Chase Center
1/15/2026,10:00p,Atlanta Hawks,101,Portland Trail Blazers,117,Moda Center
1/15/2026,10:30p,Charlotte Hornets,135,Los Angeles Lakers,117,Crypto.com Arena
1/16/2026,7:00p,New Orleans Pelicans,119,Indiana Pacers,127,Gainbridge Fieldhouse
1/16/2026,7:00p,Cleveland Cavaliers,117,Philadelphia 76ers,115,Xfinity Mobile Arena
1/16/2026,7:30p,Chicago Bulls,109,Brooklyn Nets,112,Barclays Center
1/16/2026,7:30p,Los Angeles Clippers,121,Toronto Raptors,117,Scotiabank Arena
1/16/2026,9:30p,Minnesota Timberwolves,105,Houston Rockets,110,Toyota Center
1/16/2026,10:00p,Washington Wizards,115,Sacramento Kings,128,Golden 1 Center
1/17/2026,5:00p,Utah Jazz,120,Dallas Mavericks,138,American Airlines Center
1/17/2026,7:30p,Boston Celtics,132,Atlanta Hawks,106,State Farm Arena
1/17/2026,7:30p,Indiana Pacers,78,Detroit Pistons,121,Little Caesars Arena
1/17/2026,7:30p,Phoenix Suns,106,New York Knicks,99,Madison Square Garden (IV)
1/17/2026,8:00p,Oklahoma City Thunder,120,Miami Heat,122,Kaseya Center
1/17/2026,8:00p,Minnesota Timberwolves,123,San Antonio Spurs,126,Frost Bank Center
1/17/2026,8:30p,Charlotte Hornets,116,Golden State Warriors,136,Chase Center
1/17/2026,9:00p,Washington Wizards,115,Denver Nuggets,121,Ball Arena
1/17/2026,10:00p,Los Angeles Lakers,116,Portland Trail Blazers,132,Moda Center
1/18/2026,12:00p,Orlando Magic,109,Memphis Grizzlies,126,The O2 Arena
1/18/2026,7:00p,Brooklyn Nets,102,Chicago Bulls,124,United Center
1/18/2026,7:00p,New Orleans Pelicans,110,Houston Rockets,119,Toyota Center
1/18/2026,8:00p,Charlotte Hornets,110,Denver Nuggets,87,Ball Arena
1/18/2026,9:00p,Portland Trail Blazers,117,Sacramento Kings,110,Golden 1 Center
1/18/2026,9:30p,Toronto Raptors,93,Los Angeles Lakers,110,Crypto.com Arena
1/19/2026,1:00p,Milwaukee Bucks,112,Atlanta Hawks,110,State Farm Arena
1/19/2026,2:30p,Oklahoma City Thunder,136,Cleveland Cavaliers,104,Rocket Arena
1/19/2026,3:00p,Los Angeles Clippers,110,Washington Wizards,106,Capital One Arena
1/19/2026,5:00p,Dallas Mavericks,114,New York Knicks,97,Madison Square Garden (IV)
1/19/2026,5:00p,Utah Jazz,110,San Antonio Spurs,123,Frost Bank Center
1/19/2026,7:00p,Indiana Pacers,104,Philadelphia 76ers,113,Xfinity Mobile Arena
1/19/2026,7:30p,Phoenix Suns,126,Brooklyn Nets,117,Barclays Center
1/19/2026,8:00p,Boston Celtics,103,Detroit Pistons,104,Little Caesars Arena
1/19/2026,10:00p,Miami Heat,112,Golden State Warriors,135,Chase Center
1/20/2026,7:00p,Phoenix Suns,116,Philadelphia 76ers,110,Xfinity Mobile Arena
1/20/2026,8:00p,Los Angeles Clippers,110,Chicago Bulls,138,United Center
1/20/2026,8:00p,San Antonio Spurs,106,Houston Rockets,111,Toyota Center
1/20/2026,9:00p,Minnesota Timberwolves,122,Utah Jazz,127,Delta Center
1/20/2026,10:00p,Los Angeles Lakers,115,Denver Nuggets,107,Ball Arena
1/20/2026,10:00p,Toronto Raptors,145,Golden State Warriors,127,Chase Center
1/20/2026,10:00p,Miami Heat,130,Sacramento Kings,117,Golden 1 Center
1/21/2026,7:00p,Cleveland Cavaliers,94,Charlotte Hornets,87,Spectrum Center
1/21/2026,7:30p,Indiana Pacers,104,Boston Celtics,119,TD Garden
1/21/2026,7:30p,Brooklyn Nets,66,New York Knicks,120,Madison Square Garden (IV)
1/21/2026,8:00p,Atlanta Hawks,124,Memphis Grizzlies,122,FedExForum
1/21/2026,8:00p,Detroit Pistons,112,New Orleans Pelicans,104,Smoothie King Center
1/21/2026,9:30p,Oklahoma City Thunder,122,Milwaukee Bucks,102,Fiserv Forum
1/21/2026,10:00p,Toronto Raptors,122,Sacramento Kings,109,Golden 1 Center
1/22/2026,7:00p,Charlotte Hornets,124,Orlando Magic,97,Kia Center
1/22/2026,7:00p,Houston Rockets,122,Philadelphia 76ers,128,Xfinity Mobile Arena
1/22/2026,7:00p,Denver Nuggets,107,Washington Wizards,97,Capital One Arena
1/22/2026,7:30p,Golden State Warriors,115,Dallas Mavericks,123,American Airlines Center
1/22/2026,8:00p,Chicago Bulls,120,Minnesota Timberwolves,115,Target Center
1/22/2026,9:00p,San Antonio Spurs,126,Utah Jazz,109,Delta Center
1/22/2026,10:00p,Los Angeles Lakers,104,Los Angeles Clippers,112,Intuit Dome
1/22/2026,10:00p,Miami Heat,110,Portland Trail Blazers,127,Moda Center
1/23/2026,7:00p,Houston Rockets,111,Detroit Pistons,104,Little Caesars Arena
1/23/2026,7:30p,Phoenix Suns,103,Atlanta Hawks,110,State Farm Arena
1/23/2026,7:30p,Boston Celtics,130,Brooklyn Nets,126,Barclays Center
1/23/2026,7:30p,Sacramento Kings,118,Cleveland Cavaliers,123,Rocket Arena
1/23/2026,8:00p,New Orleans Pelicans,133,Memphis Grizzlies,127,FedExForum
1/23/2026,8:00p,Indiana Pacers,117,Oklahoma City Thunder,114,Paycom Center
1/23/2026,9:30p,Denver Nuggets,102,Milwaukee Bucks,100,Fiserv Forum
1/23/2026,10:00p,Toronto Raptors,110,Portland Trail Blazers,98,Moda Center
1/24/2026,12:00p,Washington Wizards,115,Charlotte Hornets,119,Spectrum Center
1/24/2026,3:00p,New York Knicks,112,Philadelphia 76ers,109,Xfinity Mobile Arena
1/24/2026,7:00p,Cleveland Cavaliers,119,Orlando Magic,105,Kia Center
1/24/2026,8:00p,Boston Celtics,111,Chicago Bulls,114,United Center
1/24/2026,8:30p,Los Angeles Lakers,116,Dallas Mavericks,110,American Airlines Center
1/24/2026,9:30p,Miami Heat,147,Utah Jazz,116,Delta Center
1/25/2026,3:00p,Sacramento Kings,116,Detroit Pistons,139,Little Caesars Arena
1/25/2026,5:30p,Golden State Warriors,111,Minnesota Timberwolves,85,Target Center
1/25/2026,7:00p,Toronto Raptors,103,Oklahoma City Thunder,101,Paycom Center
1/25/2026,7:00p,New Orleans Pelicans,104,San Antonio Spurs,95,Frost Bank Center
1/25/2026,8:00p,Miami Heat,111,Phoenix Suns,102,Mortgage Matchup Center
1/25/2026,9:00p,Brooklyn Nets,89,Los Angeles Clippers,126,Intuit Dome
1/26/2026,1:30p,Indiana Pacers,116,Atlanta Hawks,132,State Farm Arena
1/26/2026,3:00p,Philadelphia 76ers,93,Charlotte Hornets,130,Spectrum Center
1/26/2026,7:00p,Orlando Magic,98,Cleveland Cavaliers,114,Rocket Arena
1/26/2026,8:00p,Portland Trail Blazers,94,Boston Celtics,102,TD Garden
1/26/2026,8:00p,Los Angeles Lakers,129,Chicago Bulls,118,United Center
1/26/2026,8:00p,Memphis Grizzlies,99,Houston Rockets,108,Toyota Center
1/26/2026,9:30p,Golden State Warriors,83,Minnesota Timberwolves,108,Target Center
1/27/2026,7:00p,Portland Trail Blazers,111,Washington Wizards,115,Capital One Arena
1/27/2026,7:30p,Sacramento Kings,87,New York Knicks,103,Madison Square Garden (IV)
1/27/2026,8:00p,New Orleans Pelicans,95,Oklahoma City Thunder,104,Paycom Center
1/27/2026,8:00p,Milwaukee Bucks,122,Philadelphia 76ers,139,Xfinity Mobile Arena
1/27/2026,9:00p,Detroit Pistons,109,Denver Nuggets,107,Ball Arena
1/27/2026,9:00p,Brooklyn Nets,102,Phoenix Suns,106,Mortgage Matchup Center
1/27/2026,10:00p,Los Angeles Clippers,115,Utah Jazz,103,Delta Center
1/28/2026,7:00p,Los Angeles Lakers,99,Cleveland Cavaliers,129,Rocket Arena
1/28/2026,7:00p,Chicago Bulls,110,Indiana Pacers,113,Gainbridge Fieldhouse
1/28/2026,7:30p,Atlanta Hawks,117,Boston Celtics,106,TD Garden
1/28/2026,7:30p,Orlando Magic,133,Miami Heat,124,Kaseya Center
1/28/2026,7:30p,New York Knicks,119,Toronto Raptors,92,Scotiabank Arena
1/28/2026,8:00p,Charlotte Hornets,112,Memphis Grizzlies,97,FedExForum
1/28/2026,8:30p,Minnesota Timberwolves,118,Dallas Mavericks,105,American Airlines Center
1/28/2026,9:00p,Golden State Warriors,140,Utah Jazz,124,Delta Center
1/28/2026,9:30p,San Antonio Spurs,111,Houston Rockets,99,Toyota Center
1/29/2026,7:00p,Sacramento Kings,111,Philadelphia 76ers,113,Xfinity Mobile Arena
1/29/2026,7:00p,Milwaukee Bucks,99,Washington Wizards,109,Capital One Arena
1/29/2026,8:00p,Houston Rockets,104,Atlanta Hawks,86,State Farm Arena
1/29/2026,8:00p,Miami Heat,116,Chicago Bulls,113,United Center
1/29/2026,8:30p,Charlotte Hornets,123,Dallas Mavericks,121,American Airlines Center
1/29/2026,9:00p,Brooklyn Nets,103,Denver Nuggets,107,Ball Arena
1/29/2026,9:00p,Detroit Pistons,96,Phoenix Suns,114,Mortgage Matchup Center
1/29/2026,9:30p,Oklahoma City Thunder,111,Minnesota Timberwolves,123,Target Center
1/30/2026,7:00p,Los Angeles Lakers,142,Washington Wizards,111,Capital One Arena
1/30/2026,7:30p,Sacramento Kings,93,Boston Celtics,112,TD Garden
1/30/2026,7:30p,Memphis Grizzlies,106,New Orleans Pelicans,114,Smoothie King Center
1/30/2026,7:30p,Portland Trail Blazers,97,New York Knicks,127,Madison Square Garden (IV)
1/30/2026,7:30p,Toronto Raptors,120,Orlando Magic,130,Kia Center
1/30/2026,9:00p,Los Angeles Clippers,109,Denver Nuggets,122,Ball Arena
1/30/2026,9:00p,Cleveland Cavaliers,113,Phoenix Suns,126,Mortgage Matchup Center
1/30/2026,9:30p,Brooklyn Nets,109,Utah Jazz,99,Delta Center
1/30/2026,10:00p,Detroit Pistons,131,Golden State Warriors,124,Chase Center
1/31/2026,12:00p,San Antonio Spurs,106,Charlotte Hornets,111,Spectrum Center
1/31/2026,7:00p,Atlanta Hawks,124,Indiana Pacers,129,Gainbridge Fieldhouse
1/31/2026,7:30p,New Orleans Pelicans,114,Philadelphia 76ers,124,Xfinity Mobile Arena
1/31/2026,8:00p,Minnesota Timberwolves,131,Memphis Grizzlies,114,FedExForum
1/31/2026,8:00p,Chicago Bulls,125,Miami Heat,118,Kaseya Center
1/31/2026,8:30p,Dallas Mavericks,107,Houston Rockets,111,Toyota Center
2/1/2026,3:30p,Milwaukee Bucks,79,Boston Celtics,107,TD Garden
2/1/2026,6:00p,Brooklyn Nets,77,Detroit Pistons,130,Little Caesars Arena
2/1/2026,6:00p,Chicago Bulls,91,Miami Heat,134,Kaseya Center
2/1/2026,6:00p,Utah Jazz,100,Toronto Raptors,107,Scotiabank Arena
2/1/2026,6:00p,Sacramento Kings,112,Washington Wizards,116,Capital One Arena
2/1/2026,7:00p,Los Angeles Lakers,100,New York Knicks,112,Madison Square Garden (IV)
2/1/2026,8:00p,Los Angeles Clippers,117,Phoenix Suns,93,Mortgage Matchup Center
2/1/2026,9:00p,Cleveland Cavaliers,130,Portland Trail Blazers,111,Moda Center
2/1/2026,9:00p,Orlando Magic,103,San Antonio Spurs,112,Frost Bank Center
2/1/2026,9:30p,Oklahoma City Thunder,121,Denver Nuggets,111,Ball Arena
2/2/2026,3:00p,New Orleans Pelicans,95,Charlotte Hornets,102,Spectrum Center
2/2/2026,7:00p,Houston Rockets,118,Indiana Pacers,114,Gainbridge Fieldhouse
2/2/2026,7:30p,Minnesota Timberwolves,128,Memphis Grizzlies,137,FedExForum
2/2/2026,10:00p,Philadelphia 76ers,128,Los Angeles Clippers,113,Intuit Dome
2/3/2026,7:00p,Denver Nuggets,121,Detroit Pistons,124,Little Caesars Arena
2/3/2026,7:00p,Utah Jazz,131,Indiana Pacers,122,Gainbridge Fieldhouse
2/3/2026,7:00p,New York Knicks,132,Washington Wizards,101,Capital One Arena
2/3/2026,7:30p,Los Angeles Lakers,125,Brooklyn Nets,109,Barclays Center
2/3/2026,7:30p,Atlanta Hawks,127,Miami Heat,115,Kaseya Center
2/3/2026,8:00p,Boston Celtics,110,Dallas Mavericks,100,American Airlines Center
2/3/2026,8:00p,Chicago Bulls,115,Milwaukee Bucks,131,Fiserv Forum
2/3/2026,8:00p,Orlando Magic,92,Oklahoma City Thunder,128,Paycom Center
2/3/2026,10:00p,Philadelphia 76ers,113,Golden State Warriors,94,Chase Center
2/3/2026,11:00p,Phoenix Suns,130,Portland Trail Blazers,125,Moda Center
2/4/2026,7:00p,Denver Nuggets,127,New York Knicks,134,Madison Square Garden (IV)
2/4/2026,7:30p,Minnesota Timberwolves,128,Toronto Raptors,126,Scotiabank Arena
2/4/2026,8:00p,Boston Celtics,114,Houston Rockets,93,Toyota Center
2/4/2026,8:00p,New Orleans Pelicans,137,Milwaukee Bucks,141,Fiserv Forum
2/4/2026,9:30p,Oklahoma City Thunder,106,San Antonio Spurs,116,Frost Bank Center
2/4/2026,10:00p,Memphis Grizzlies,129,Sacramento Kings,125,Golden 1 Center
2/4/2026,10:30p,Cleveland Cavaliers,124,Los Angeles Clippers,91,Intuit Dome
2/5/2026,7:00p,Washington Wizards,126,Detroit Pistons,117,Little Caesars Arena
2/5/2026,7:00p,Brooklyn Nets,98,Orlando Magic,118,Kia Center
2/5/2026,7:30p,Utah Jazz,119,Atlanta Hawks,121,State Farm Arena
2/5/2026,7:30p,Chicago Bulls,107,Toronto Raptors,123,Scotiabank Arena
2/5/2026,8:00p,Charlotte Hornets,109,Houston Rockets,99,Toyota Center
2/5/2026,8:30p,San Antonio Spurs,135,Dallas Mavericks,123,American Airlines Center
2/5/2026,10:00p,Philadelphia 76ers,115,Los Angeles Lakers,119,Crypto.com Arena
2/5/2026,10:00p,Golden State Warriors,101,Phoenix Suns,97,Mortgage Matchup Center
2/6/2026,7:30p,Miami Heat,96,Boston Celtics,98,TD Garden
2/6/2026,7:30p,New York Knicks,80,Detroit Pistons,118,Little Caesars Arena
2/6/2026,8:00p,Indiana Pacers,99,Milwaukee Bucks,105,Fiserv Forum
2/6/2026,8:00p,New Orleans Pelicans,119,Minnesota Timberwolves,115,Target Center
2/6/2026,10:00p,Memphis Grizzlies,115,Portland Trail Blazers,135,Moda Center
2/6/2026,10:00p,Los Angeles Clippers,114,Sacramento Kings,111,Golden 1 Center
2/7/2026,3:00p,Washington Wizards,113,Brooklyn Nets,127,Barclays Center
2/7/2026,3:30p,Houston Rockets,112,Oklahoma City Thunder,106,Paycom Center
2/7/2026,6:00p,Dallas Mavericks,125,San Antonio Spurs,138,Frost Bank Center
2/7/2026,7:00p,Utah Jazz,117,Orlando Magic,120,Kia Center
2/7/2026,7:30p,Charlotte Hornets,126,Atlanta Hawks,119,State Farm Arena
2/7/2026,8:00p,Denver Nuggets,136,Chicago Bulls,120,United Center
2/7/2026,8:30p,Golden State Warriors,99,Los Angeles Lakers,105,Crypto.com Arena
2/7/2026,9:00p,Philadelphia 76ers,109,Phoenix Suns,103,Mortgage Matchup Center
2/7/2026,10:00p,Memphis Grizzlies,115,Portland Trail Blazers,122,Moda Center
2/7/2026,10:00p,Cleveland Cavaliers,132,Sacramento Kings,126,Golden 1 Center
2/8/2026,12:30p,New York Knicks,111,Boston Celtics,89,TD Garden
2/8/2026,2:00p,Miami Heat,132,Washington Wizards,101,Capital One Arena
2/8/2026,3:00p,Los Angeles Clippers,115,Minnesota Timberwolves,96,Target Center
2/8/2026,3:00p,Indiana Pacers,104,Toronto Raptors,122,Scotiabank Arena
2/9/2026,7:00p,Detroit Pistons,110,Charlotte Hornets,104,Spectrum Center
2/9/2026,7:30p,Chicago Bulls,115,Brooklyn Nets,123,Barclays Center
2/9/2026,7:30p,Utah Jazz,115,Miami Heat,111,Kaseya Center
2/9/2026,7:30p,Milwaukee Bucks,99,Orlando Magic,118,Kia Center
2/9/2026,8:00p,Atlanta Hawks,116,Minnesota Timberwolves,138,Target Center
2/9/2026,8:00p,Sacramento Kings,94,New Orleans Pelicans,120,Smoothie King Center
2/9/2026,9:00p,Cleveland Cavaliers,119,Denver Nuggets,117,Ball Arena
2/9/2026,10:00p,Memphis Grizzlies,113,Golden State Warriors,114,Chase Center
2/9/2026,10:00p,Oklahoma City Thunder,119,Los Angeles Lakers,110,Crypto.com Arena
2/9/2026,10:00p,Philadelphia 76ers,118,Portland Trail Blazers,135,Moda Center
2/10/2026,7:30p,Indiana Pacers,137,New York Knicks,134,Madison Square Garden (IV)
2/10/2026,8:00p,Los Angeles Clippers,95,Houston Rockets,102,Toyota Center
2/10/2026,9:00p,Dallas Mavericks,111,Phoenix Suns,120,Mortgage Matchup Center
2/10/2026,10:30p,San Antonio Spurs,136,Los Angeles Lakers,108,Crypto.com Arena
2/11/2026,7:00p,Atlanta Hawks,107,Charlotte Hornets,110,Spectrum Center
2/11/2026,7:00p,Washington Wizards,113,Cleveland Cavaliers,138,Rocket Arena
2/11/2026,7:00p,Milwaukee Bucks,116,Orlando Magic,108,Kia Center
2/11/2026,7:30p,Chicago Bulls,105,Boston Celtics,124,TD Garden
2/11/2026,7:30p,Indiana Pacers,115,Brooklyn Nets,110,Barclays Center
2/11/2026,7:30p,New York Knicks,138,Philadelphia 76ers,89,Xfinity Mobile Arena
2/11/2026,7:30p,Detroit Pistons,113,Toronto Raptors,95,Scotiabank Arena
2/11/2026,8:00p,Los Angeles Clippers,105,Houston Rockets,102,Toyota Center
2/11/2026,8:00p,Portland Trail Blazers,109,Minnesota Timberwolves,133,Target Center
2/11/2026,8:00p,Miami Heat,123,New Orleans Pelicans,111,Smoothie King Center
2/11/2026,9:00p,Memphis Grizzlies,116,Denver Nuggets,122,Ball Arena
2/11/2026,9:00p,Oklahoma City Thunder,136,Phoenix Suns,109,Mortgage Matchup Center
2/11/2026,9:00p,Sacramento Kings,93,Utah Jazz,121,Delta Center
2/11/2026,10:00p,San Antonio Spurs,126,Golden State Warriors,113,Chase Center
2/12/2026,7:30p,Milwaukee Bucks,110,Oklahoma City Thunder,93,Paycom Center
2/12/2026,9:00p,Portland Trail Blazers,135,Utah Jazz,119,Delta Center
2/12/2026,10:00p,Dallas Mavericks,104,Los Angeles Lakers,124,Crypto.com Arena
2/19/2026,7:00p,Houston Rockets,105,Charlotte Hornets,101,Spectrum Center
2/19/2026,7:00p,Brooklyn Nets,84,Cleveland Cavaliers,112,Rocket Arena
2/19/2026,7:00p,Atlanta Hawks,117,Philadelphia 76ers,107,Xfinity Mobile Arena
2/19/2026,7:00p,Indiana Pacers,105,Washington Wizards,112,Capital One Arena
2/19/2026,7:30p,Detroit Pistons,126,New York Knicks,111,Madison Square Garden (IV)
2/19/2026,8:00p,Toronto Raptors,110,Chicago Bulls,101,United Center
2/19/2026,8:30p,Phoenix Suns,94,San Antonio Spurs,121,Moody Center
2/19/2026,10:00p,Boston Celtics,121,Golden State Warriors,110,Chase Center
2/19/2026,10:00p,Orlando Magic,131,Sacramento Kings,94,Golden 1 Center
2/19/2026,10:30p,Denver Nuggets,114,Los Angeles Clippers,115,Intuit Dome
2/20/2026,7:00p,Cleveland Cavaliers,118,Charlotte Hornets,113,Spectrum Center
2/20/2026,7:00p,Utah Jazz,114,Memphis Grizzlies,123,FedExForum
2/20/2026,7:00p,Indiana Pacers,118,Washington Wizards,131,Capital One Arena
2/20/2026,7:30p,Miami Heat,128,Atlanta Hawks,97,State Farm Arena
2/20/2026,7:30p,Dallas Mavericks,111,Minnesota Timberwolves,122,Target Center
2/20/2026,8:00p,Milwaukee Bucks,139,New Orleans Pelicans,118,Smoothie King Center
2/20/2026,8:00p,Brooklyn Nets,86,Oklahoma City Thunder,105,Paycom Center
2/20/2026,10:00p,Los Angeles Clippers,122,Los Angeles Lakers,125,Crypto.com Arena
2/20/2026,10:00p,Denver Nuggets,157,Portland Trail Blazers,103,Moda Center
2/21/2026,5:00p,Orlando Magic,110,Phoenix Suns,113,Mortgage Matchup Center
2/21/2026,7:00p,Philadelphia 76ers,111,New Orleans Pelicans,126,Smoothie King Center
2/21/2026,8:00p,Detroit Pistons,126,Chicago Bulls,110,United Center
2/21/2026,8:00p,Memphis Grizzlies,120,Miami Heat,136,Kaseya Center
2/21/2026,8:00p,Sacramento Kings,122,San Antonio Spurs,139,Moody Center
2/21/2026,8:30p,Houston Rockets,106,New York Knicks,108,Madison Square Garden (IV)
2/22/2026,1:00p,Cleveland Cavaliers,113,Oklahoma City Thunder,121,Paycom Center
2/22/2026,3:30p,Brooklyn Nets,104,Atlanta Hawks,115,State Farm Arena
2/22/2026,3:30p,Denver Nuggets,117,Golden State Warriors,128,Chase Center
2/22/2026,3:30p,Toronto Raptors,122,Milwaukee Bucks,94,Fiserv Forum
2/22/2026,5:00p,Dallas Mavericks,134,Indiana Pacers,130,Gainbridge Fieldhouse
2/22/2026,6:00p,Charlotte Hornets,129,Washington Wizards,112,Capital One Arena
2/22/2026,6:30p,Boston Celtics,111,Los Angeles Lakers,89,Crypto.com Arena
2/22/2026,7:00p,Philadelphia 76ers,135,Minnesota Timberwolves,108,Target Center
2/22/2026,8:00p,New York Knicks,105,Chicago Bulls,99,United Center
2/22/2026,8:00p,Portland Trail Blazers,92,Phoenix Suns,77,Mortgage Matchup Center
2/22/2026,9:00p,Orlando Magic,111,Los Angeles Clippers,109,Intuit Dome
2/23/2026,7:00p,San Antonio Spurs,114,Detroit Pistons,103,Little Caesars Arena
2/23/2026,8:00p,Sacramento Kings,123,Memphis Grizzlies,114,FedExForum
2/23/2026,9:30p,Utah Jazz,105,Houston Rockets,125,Toyota Center
2/24/2026,7:00p,Philadelphia 76ers,135,Indiana Pacers,114,Gainbridge Fieldhouse
2/24/2026,7:30p,Washington Wizards,98,Atlanta Hawks,119,State Farm Arena
2/24/2026,7:30p,Dallas Mavericks,123,Brooklyn Nets,114,Barclays Center
2/24/2026,7:30p,New York Knicks,94,Cleveland Cavaliers,109,Rocket Arena
2/24/2026,7:30p,Oklahoma City Thunder,116,Toronto Raptors,107,Scotiabank Arena
2/24/2026,8:00p,Charlotte Hornets,131,Chicago Bulls,99,United Center
2/24/2026,8:00p,Miami Heat,117,Milwaukee Bucks,128,Fiserv Forum
2/24/2026,8:00p,Golden State Warriors,109,New Orleans Pelicans,113,Smoothie King Center
2/24/2026,9:00p,Boston Celtics,97,Phoenix Suns,81,Mortgage Matchup Center
2/24/2026,10:00p,Minnesota Timberwolves,124,Portland Trail Blazers,121,Moda Center
2/24/2026,10:30p,Orlando Magic,110,Los Angeles Lakers,109,Crypto.com Arena
2/25/2026,7:30p,Oklahoma City Thunder,116,Detroit Pistons,124,Little Caesars Arena
2/25/2026,7:30p,Golden State Warriors,133,Memphis Grizzlies,112,FedExForum
2/25/2026,7:30p,San Antonio Spurs,110,Toronto Raptors,107,Scotiabank Arena
2/25/2026,8:00p,Sacramento Kings,97,Houston Rockets,128,Toyota Center
2/25/2026,8:00p,Cleveland Cavaliers,116,Milwaukee Bucks,118,Fiserv Forum
2/25/2026,10:00p,Boston Celtics,84,Denver Nuggets,103,Ball Arena
2/26/2026,7:00p,Charlotte Hornets,,Indiana Pacers,,Gainbridge Fieldhouse
2/26/2026,7:00p,Miami Heat,,Philadelphia 76ers,,Xfinity Mobile Arena
2/26/2026,7:30p,Washington Wizards,,Atlanta Hawks,,State Farm Arena
2/26/2026,7:30p,San Antonio Spurs,,Brooklyn Nets,,Barclays Center
2/26/2026,7:30p,Houston Rockets,,Orlando Magic,,Kia Center
2/26/2026,8:00p,Portland Trail Blazers,,Chicago Bulls,,United Center
2/26/2026,8:30p,Sacramento Kings,,Dallas Mavericks,,American Airlines Center
2/26/2026,9:00p,Los Angeles Lakers,,Phoenix Suns,,Mortgage Matchup Center
2/26/2026,9:00p,New Orleans Pelicans,,Utah Jazz,,Delta Center
2/26/2026,10:00p,Minnesota Timberwolves,,Los Angeles Clippers,,Intuit Dome
2/27/2026,7:00p,Cleveland Cavaliers,,Detroit Pistons,,Little Caesars Arena
2/27/2026,7:30p,Brooklyn Nets,,Boston Celtics,,TD Garden
2/27/2026,8:00p,New York Knicks,,Milwaukee Bucks,,Fiserv Forum
2/27/2026,8:30p,Memphis Grizzlies,,Dallas Mavericks,,American Airlines Center
2/27/2026,9:30p,Denver Nuggets,,Oklahoma City Thunder,,Paycom Center
2/28/2026,1:00p,Portland Trail Blazers,,Charlotte Hornets,,Spectrum Center
2/28/2026,3:30p,Houston Rockets,,Miami Heat,,Kaseya Center
2/28/2026,7:00p,Toronto Raptors,,Washington Wizards,,Capital One Arena
2/28/2026,8:30p,Los Angeles Lakers,,Golden State Warriors,,Chase Center
2/28/2026,9:30p,New Orleans Pelicans,,Utah Jazz,,Delta Center
3/1/2026,1:00p,San Antonio Spurs,,New York Knicks,,Madison Square Garden (IV)
3/1/2026,3:30p,Cleveland Cavaliers,,Brooklyn Nets,,Barclays Center
3/1/2026,3:30p,Milwaukee Bucks,,Chicago Bulls,,United Center
3/1/2026,3:30p,Minnesota Timberwolves,,Denver Nuggets,,Ball Arena
3/1/2026,5:00p,Memphis Grizzlies,,Indiana Pacers,,Gainbridge Fieldhouse
3/1/2026,6:00p,Portland Trail Blazers,,Atlanta Hawks,,State Farm Arena
3/1/2026,6:00p,Detroit Pistons,,Orlando Magic,,Kia Center
3/1/2026,8:00p,Philadelphia 76ers,,Boston Celtics,,TD Garden
3/1/2026,8:00p,Oklahoma City Thunder,,Dallas Mavericks,,American Airlines Center
3/1/2026,9:00p,New Orleans Pelicans,,Los Angeles Clippers,,Intuit Dome
3/1/2026,9:30p,Sacramento Kings,,Los Angeles Lakers,,Crypto.com Arena
3/2/2026,7:00p,Houston Rockets,,Washington Wizards,,Capital One Arena
3/2/2026,7:30p,Boston Celtics,,Milwaukee Bucks,,Fiserv Forum
3/2/2026,9:00p,Denver Nuggets,,Utah Jazz,,Delta Center
3/2/2026,10:00p,Los Angeles Clippers,,Golden State Warriors,,Chase Center
3/3/2026,7:00p,Dallas Mavericks,,Charlotte Hornets,,Spectrum Center
3/3/2026,7:00p,Detroit Pistons,,Cleveland Cavaliers,,Rocket Arena
3/3/2026,7:00p,Washington Wizards,,Orlando Magic,,Kia Center
3/3/2026,7:30p,Brooklyn Nets,,Miami Heat,,Kaseya Center
3/3/2026,7:30p,New York Knicks,,Toronto Raptors,,Scotiabank Arena
3/3/2026,8:00p,Oklahoma City Thunder,,Chicago Bulls,,United Center
3/3/2026,8:00p,Memphis Grizzlies,,Minnesota Timberwolves,,Target Center
3/3/2026,8:00p,San Antonio Spurs,,Philadelphia 76ers,,Xfinity Mobile Arena
3/3/2026,10:30p,New Orleans Pelicans,,Los Angeles Lakers,,Crypto.com Arena
3/3/2026,11:00p,Phoenix Suns,,Sacramento Kings,,Golden 1 Center
3/4/2026,7:00p,Oklahoma City Thunder,,New York Knicks,,Madison Square Garden (IV)
3/4/2026,7:30p,Charlotte Hornets,,Boston Celtics,,TD Garden
3/4/2026,7:30p,Utah Jazz,,Philadelphia 76ers,,Xfinity Mobile Arena
3/4/2026,8:00p,Portland Trail Blazers,,Memphis Grizzlies,,FedExForum
3/4/2026,9:30p,Atlanta Hawks,,Milwaukee Bucks,,Fiserv Forum
3/4/2026,10:30p,Indiana Pacers,,Los Angeles Clippers,,Intuit Dome
3/5/2026,7:00p,Dallas Mavericks,,Orlando Magic,,Kia Center
3/5/2026,7:00p,Utah Jazz,,Washington Wizards,,Capital One Arena
3/5/2026,7:30p,Golden State Warriors,,Houston Rockets,,Toyota Center
3/5/2026,7:30p,Brooklyn Nets,,Miami Heat,,Kaseya Center
3/5/2026,8:00p,Toronto Raptors,,Minnesota Timberwolves,,Target Center
3/5/2026,8:00p,Detroit Pistons,,San Antonio Spurs,,Frost Bank Center
3/5/2026,9:00p,Chicago Bulls,,Phoenix Suns,,Mortgage Matchup Center
3/5/2026,10:00p,Los Angeles Lakers,,Denver Nuggets,,Ball Arena
3/5/2026,10:00p,New Orleans Pelicans,,Sacramento Kings,,Golden 1 Center
3/6/2026,7:00p,Dallas Mavericks,,Boston Celtics,,TD Garden
3/6/2026,7:00p,Miami Heat,,Charlotte Hornets,,Spectrum Center
3/6/2026,8:00p,Portland Trail Blazers,,Houston Rockets,,Toyota Center
3/6/2026,9:00p,New York Knicks,,Denver Nuggets,,Ball Arena
3/6/2026,9:00p,New Orleans Pelicans,,Phoenix Suns,,Mortgage Matchup Center
3/6/2026,9:30p,Los Angeles Clippers,,San Antonio Spurs,,Frost Bank Center
3/6/2026,10:30p,Indiana Pacers,,Los Angeles Lakers,,Crypto.com Arena
3/7/2026,3:00p,Orlando Magic,,Minnesota Timberwolves,,Target Center
3/7/2026,6:00p,Philadelphia 76ers,,Atlanta Hawks,,State Farm Arena
3/7/2026,6:00p,Brooklyn Nets,,Detroit Pistons,,Little Caesars Arena
3/7/2026,8:00p,Los Angeles Clippers,,Memphis Grizzlies,,FedExForum
3/7/2026,8:00p,Utah Jazz,,Milwaukee Bucks,,Fiserv Forum
3/7/2026,8:30p,Golden State Warriors,,Oklahoma City Thunder,,Paycom Center
3/8/2026,1:00p,Boston Celtics,,Cleveland Cavaliers,,Rocket Arena
3/8/2026,3:30p,New York Knicks,,Los Angeles Lakers,,Crypto.com Arena
3/8/2026,6:00p,Detroit Pistons,,Miami Heat,,Kaseya Center
3/8/2026,6:00p,Dallas Mavericks,,Toronto Raptors,,Scotiabank Arena
3/8/2026,7:00p,Washington Wizards,,New Orleans Pelicans,,Smoothie King Center
3/8/2026,8:00p,Orlando Magic,,Milwaukee Bucks,,Fiserv Forum
3/8/2026,8:00p,Houston Rockets,,San Antonio Spurs,,Frost Bank Center
3/8/2026,9:00p,Indiana Pacers,,Portland Trail Blazers,,Moda Center
3/8/2026,9:00p,Chicago Bulls,,Sacramento Kings,,Golden 1 Center
3/8/2026,10:00p,Charlotte Hornets,,Phoenix Suns,,Mortgage Matchup Center
3/9/2026,7:00p,Philadelphia 76ers,,Cleveland Cavaliers,,Rocket Arena
3/9/2026,7:30p,Memphis Grizzlies,,Brooklyn Nets,,Barclays Center
3/9/2026,7:30p,Denver Nuggets,,Oklahoma City Thunder,,Paycom Center
3/9/2026,9:00p,Golden State Warriors,,Utah Jazz,,Delta Center
3/9/2026,10:00p,New York Knicks,,Los Angeles Clippers,,Intuit Dome
3/10/2026,7:00p,Memphis Grizzlies,,Philadelphia 76ers,,Xfinity Mobile Arena
3/10/2026,7:30p,Dallas Mavericks,,Atlanta Hawks,,State Farm Arena
3/10/2026,7:30p,Detroit Pistons,,Brooklyn Nets,,Barclays Center
3/10/2026,7:30p,Washington Wizards,,Miami Heat,,Kaseya Center
3/10/2026,8:00p,Toronto Raptors,,Houston Rockets,,Toyota Center
3/10/2026,8:00p,Phoenix Suns,,Milwaukee Bucks,,Fiserv Forum
3/10/2026,8:00p,Boston Celtics,,San Antonio Spurs,,Frost Bank Center
3/10/2026,10:00p,Chicago Bulls,,Golden State Warriors,,Chase Center
3/10/2026,10:00p,Charlotte Hornets,,Portland Trail Blazers,,Moda Center
3/10/2026,10:00p,Indiana Pacers,,Sacramento Kings,,Golden 1 Center
3/10/2026,11:00p,Minnesota Timberwolves,,Los Angeles Lakers,,Crypto.com Arena
3/11/2026,7:30p,Cleveland Cavaliers,,Orlando Magic,,Kia Center
3/11/2026,8:00p,Toronto Raptors,,New Orleans Pelicans,,Smoothie King Center
3/11/2026,9:00p,New York Knicks,,Utah Jazz,,Delta Center
3/11/2026,10:00p,Houston Rockets,,Denver Nuggets,,Ball Arena
3/11/2026,10:00p,Charlotte Hornets,,Sacramento Kings,,Golden 1 Center
3/11/2026,10:30p,Minnesota Timberwolves,,Los Angeles Clippers,,Intuit Dome
3/12/2026,7:00p,Philadelphia 76ers,,Detroit Pistons,,Little Caesars Arena
3/12/2026,7:00p,Phoenix Suns,,Indiana Pacers,,Gainbridge Fieldhouse
3/12/2026,7:00p,Washington Wizards,,Orlando Magic,,Kia Center
3/12/2026,7:30p,Brooklyn Nets,,Atlanta Hawks,,State Farm Arena
3/12/2026,7:30p,Milwaukee Bucks,,Miami Heat,,Kaseya Center
3/12/2026,8:00p,Dallas Mavericks,,Memphis Grizzlies,,FedExForum
3/12/2026,9:00p,Denver Nuggets,,San Antonio Spurs,,Frost Bank Center
3/12/2026,9:30p,Boston Celtics,,Oklahoma City Thunder,,Paycom Center
3/12/2026,10:30p,Chicago Bulls,,Los Angeles Lakers,,Crypto.com Arena
3/13/2026,7:30p,Cleveland Cavaliers,,Dallas Mavericks,,American Airlines Center
3/13/2026,7:30p,Memphis Grizzlies,,Detroit Pistons,,Little Caesars Arena
3/13/2026,7:30p,New York Knicks,,Indiana Pacers,,Gainbridge Fieldhouse
3/13/2026,7:30p,Phoenix Suns,,Toronto Raptors,,Scotiabank Arena
3/13/2026,8:00p,New Orleans Pelicans,,Houston Rockets,,Toyota Center
3/13/2026,10:00p,Minnesota Timberwolves,,Golden State Warriors,,Chase Center
3/13/2026,10:00p,Utah Jazz,,Portland Trail Blazers,,Moda Center
3/13/2026,10:30p,Chicago Bulls,,Los Angeles Clippers,,Intuit Dome
3/14/2026,1:00p,Brooklyn Nets,,Philadelphia 76ers,,Xfinity Mobile Arena
3/14/2026,3:00p,Milwaukee Bucks,,Atlanta Hawks,,State Farm Arena
3/14/2026,3:30p,Charlotte Hornets,,San Antonio Spurs,,Frost Bank Center
3/14/2026,6:00p,Washington Wizards,,Boston Celtics,,TD Garden
3/14/2026,8:00p,Orlando Magic,,Miami Heat,,Kaseya Center
3/14/2026,8:30p,Denver Nuggets,,Los Angeles Lakers,,Crypto.com Arena
3/14/2026,10:30p,Sacramento Kings,,Los Angeles Clippers,,Intuit Dome
3/15/2026,1:00p,Minnesota Timberwolves,,Oklahoma City Thunder,,Paycom Center
3/15/2026,3:30p,Dallas Mavericks,,Cleveland Cavaliers,,Rocket Arena
3/15/2026,3:30p,Indiana Pacers,,Milwaukee Bucks,,Fiserv Forum
3/15/2026,3:30p,Detroit Pistons,,Toronto Raptors,,Scotiabank Arena
3/15/2026,6:00p,Portland Trail Blazers,,Philadelphia 76ers,,Xfinity Mobile Arena
3/15/2026,8:00p,Golden State Warriors,,New York Knicks,,Madison Square Garden (IV)
3/15/2026,10:00p,Utah Jazz,,Sacramento Kings,,Golden 1 Center
3/16/2026,7:00p,Orlando Magic,,Atlanta Hawks,,State Farm Arena
3/16/2026,7:00p,Golden State Warriors,,Washington Wizards,,Capital One Arena
3/16/2026,7:30p,Phoenix Suns,,Boston Celtics,,TD Garden
3/16/2026,7:30p,Portland Trail Blazers,,Brooklyn Nets,,Barclays Center
3/16/2026,8:00p,Memphis Grizzlies,,Chicago Bulls,,United Center
3/16/2026,8:00p,Dallas Mavericks,,New Orleans Pelicans,,Smoothie King Center
3/16/2026,9:30p,Los Angeles Lakers,,Houston Rockets,,Toyota Center
3/16/2026,10:30p,San Antonio Spurs,,Los Angeles Clippers,,Intuit Dome
3/17/2026,7:00p,Miami Heat,,Charlotte Hornets,,Spectrum Center
3/17/2026,7:00p,Oklahoma City Thunder,,Orlando Magic,,Kia Center
3/17/2026,7:00p,Detroit Pistons,,Washington Wizards,,Capital One Arena
3/17/2026,7:30p,Indiana Pacers,,New York Knicks,,Madison Square Garden (IV)
3/17/2026,8:00p,Cleveland Cavaliers,,Milwaukee Bucks,,Fiserv Forum
3/17/2026,8:00p,Phoenix Suns,,Minnesota Timberwolves,,Target Center
3/17/2026,9:00p,Philadelphia 76ers,,Denver Nuggets,,Ball Arena
3/17/2026,11:00p,San Antonio Spurs,,Sacramento Kings,,Golden 1 Center
3/18/2026,7:00p,Golden State Warriors,,Boston Celtics,,TD Garden
3/18/2026,7:30p,Oklahoma City Thunder,,Brooklyn Nets,,Barclays Center
3/18/2026,7:30p,Portland Trail Blazers,,Indiana Pacers,,Gainbridge Fieldhouse
3/18/2026,8:00p,Toronto Raptors,,Chicago Bulls,,United Center
3/18/2026,8:00p,Denver Nuggets,,Memphis Grizzlies,,FedExForum
3/18/2026,8:00p,Utah Jazz,,Minnesota Timberwolves,,Target Center
3/18/2026,8:00p,Los Angeles Clippers,,New Orleans Pelicans,,Smoothie King Center
3/18/2026,8:30p,Atlanta Hawks,,Dallas Mavericks,,American Airlines Center
3/18/2026,9:30p,Los Angeles Lakers,,Houston Rockets,,Toyota Center
3/19/2026,7:00p,Orlando Magic,,Charlotte Hornets,,Spectrum Center
3/19/2026,7:00p,Detroit Pistons,,Washington Wizards,,Capital One Arena
3/19/2026,8:00p,Cleveland Cavaliers,,Chicago Bulls,,United Center
3/19/2026,8:00p,Los Angeles Lakers,,Miami Heat,,Kaseya Center
3/19/2026,8:00p,Los Angeles Clippers,,New Orleans Pelicans,,Smoothie King Center
3/19/2026,8:00p,Phoenix Suns,,San Antonio Spurs,,Frost Bank Center
3/19/2026,9:00p,Milwaukee Bucks,,Utah Jazz,,Delta Center
3/19/2026,10:00p,Philadelphia 76ers,,Sacramento Kings,,Golden 1 Center
3/20/2026,7:30p,New York Knicks,,Brooklyn Nets,,Barclays Center
3/20/2026,7:30p,Golden State Warriors,,Detroit Pistons,,Little Caesars Arena
3/20/2026,8:00p,Atlanta Hawks,,Houston Rockets,,Toyota Center
3/20/2026,8:00p,Boston Celtics,,Memphis Grizzlies,,FedExForum
3/20/2026,8:00p,Portland Trail Blazers,,Minnesota Timberwolves,,Target Center
3/20/2026,9:00p,Toronto Raptors,,Denver Nuggets,,Ball Arena
3/21/2026,5:00p,Oklahoma City Thunder,,Washington Wizards,,Capital One Arena
3/21/2026,7:00p,Memphis Grizzlies,,Charlotte Hornets,,Spectrum Center
3/21/2026,7:00p,Cleveland Cavaliers,,New Orleans Pelicans,,Smoothie King Center
3/21/2026,7:00p,Los Angeles Lakers,,Orlando Magic,,Kia Center
3/21/2026,8:00p,Golden State Warriors,,Atlanta Hawks,,State Farm Arena
3/21/2026,8:00p,Miami Heat,,Houston Rockets,,Toyota Center
3/21/2026,8:00p,Indiana Pacers,,San Antonio Spurs,,Frost Bank Center
3/21/2026,8:30p,Los Angeles Clippers,,Dallas Mavericks,,American Airlines Center
3/21/2026,9:30p,Philadelphia 76ers,,Utah Jazz,,Delta Center
3/21/2026,10:00p,Milwaukee Bucks,,Phoenix Suns,,Mortgage Matchup Center
3/22/2026,5:00p,Portland Trail Blazers,,Denver Nuggets,,Ball Arena
3/22/2026,6:00p,Brooklyn Nets,,Sacramento Kings,,Golden 1 Center
3/22/2026,7:30p,Washington Wizards,,New York Knicks,,Madison Square Garden (IV)
3/22/2026,8:00p,Minnesota Timberwolves,,Boston Celtics,,TD Garden
3/22/2026,9:00p,Toronto Raptors,,Phoenix Suns,,Mortgage Matchup Center
3/23/2026,7:00p,Los Angeles Lakers,,Detroit Pistons,,Little Caesars Arena
3/23/2026,7:00p,San Antonio Spurs,,Miami Heat,,Kaseya Center
3/23/2026,7:00p,Indiana Pacers,,Orlando Magic,,Kia Center
3/23/2026,7:00p,Oklahoma City Thunder,,Philadelphia 76ers,,Xfinity Mobile Arena
3/23/2026,7:30p,Memphis Grizzlies,,Atlanta Hawks,,State Farm Arena
3/23/2026,8:00p,Houston Rockets,,Chicago Bulls,,United Center
3/23/2026,9:00p,Toronto Raptors,,Utah Jazz,,Delta Center
3/23/2026,9:30p,Golden State Warriors,,Dallas Mavericks,,American Airlines Center
3/23/2026,10:00p,Brooklyn Nets,,Portland Trail Blazers,,Moda Center
3/23/2026,10:30p,Milwaukee Bucks,,Los Angeles Clippers,,Intuit Dome
3/24/2026,7:00p,Sacramento Kings,,Charlotte Hornets,,Spectrum Center
3/24/2026,7:30p,New Orleans Pelicans,,New York Knicks,,Madison Square Garden (IV)
3/24/2026,8:00p,Orlando Magic,,Cleveland Cavaliers,,Rocket Arena
3/24/2026,11:00p,Denver Nuggets,,Phoenix Suns,,Mortgage Matchup Center
3/25/2026,7:00p,Atlanta Hawks,,Detroit Pistons,,Little Caesars Arena
3/25/2026,7:00p,Los Angeles Lakers,,Indiana Pacers,,Gainbridge Fieldhouse
3/25/2026,7:00p,Chicago Bulls,,Philadelphia 76ers,,Xfinity Mobile Arena
3/25/2026,7:30p,Oklahoma City Thunder,,Boston Celtics,,TD Garden
3/25/2026,7:30p,Miami Heat,,Cleveland Cavaliers,,Rocket Arena
3/25/2026,8:00p,San Antonio Spurs,,Memphis Grizzlies,,FedExForum
3/25/2026,9:00p,Washington Wizards,,Utah Jazz,,Delta Center
3/25/2026,9:30p,Houston Rockets,,Minnesota Timberwolves,,Target Center
3/25/2026,10:00p,Dallas Mavericks,,Denver Nuggets,,Ball Arena
3/25/2026,10:00p,Brooklyn Nets,,Golden State Warriors,,Chase Center
3/25/2026,10:00p,Milwaukee Bucks,,Portland Trail Blazers,,Moda Center
3/25/2026,10:30p,Toronto Raptors,,Los Angeles Clippers,,Intuit Dome
3/26/2026,7:00p,New York Knicks,,Charlotte Hornets,,Spectrum Center
3/26/2026,7:00p,New Orleans Pelicans,,Detroit Pistons,,Little Caesars Arena
3/26/2026,7:00p,Sacramento Kings,,Orlando Magic,,Kia Center
3/27/2026,7:00p,Los Angeles Clippers,,Indiana Pacers,,Gainbridge Fieldhouse
3/27/2026,7:30p,Atlanta Hawks,,Boston Celtics,,TD Garden
3/27/2026,7:30p,Miami Heat,,Cleveland Cavaliers,,Rocket Arena
3/27/2026,8:00p,Houston Rockets,,Memphis Grizzlies,,FedExForum
3/27/2026,8:00p,Chicago Bulls,,Oklahoma City Thunder,,Paycom Center
3/27/2026,8:30p,New Orleans Pelicans,,Toronto Raptors,,Scotiabank Arena
3/27/2026,9:00p,Utah Jazz,,Denver Nuggets,,Ball Arena
3/27/2026,10:00p,Washington Wizards,,Golden State Warriors,,Chase Center
3/27/2026,10:00p,Dallas Mavericks,,Portland Trail Blazers,,Moda Center
3/27/2026,10:30p,Brooklyn Nets,,Los Angeles Lakers,,Crypto.com Arena
3/28/2026,3:00p,San Antonio Spurs,,Milwaukee Bucks,,Fiserv Forum
3/28/2026,5:30p,Detroit Pistons,,Minnesota Timberwolves,,Target Center
3/28/2026,6:00p,Philadelphia 76ers,,Charlotte Hornets,,Spectrum Center
3/28/2026,7:30p,Sacramento Kings,,Atlanta Hawks,,State Farm Arena
3/28/2026,8:00p,Chicago Bulls,,Memphis Grizzlies,,FedExForum
3/28/2026,10:00p,Utah Jazz,,Phoenix Suns,,Mortgage Matchup Center
3/29/2026,3:30p,Los Angeles Clippers,,Milwaukee Bucks,,Fiserv Forum
3/29/2026,5:00p,Miami Heat,,Indiana Pacers,,Gainbridge Fieldhouse
3/29/2026,6:00p,Sacramento Kings,,Brooklyn Nets,,Barclays Center
3/29/2026,6:00p,Boston Celtics,,Charlotte Hornets,,Spectrum Center
3/29/2026,6:00p,Washington Wizards,,Portland Trail Blazers,,Moda Center
3/29/2026,6:00p,Orlando Magic,,Toronto Raptors,,Scotiabank Arena
3/29/2026,7:00p,Houston Rockets,,New Orleans Pelicans,,Smoothie King Center
3/29/2026,7:30p,New York Knicks,,Oklahoma City Thunder,,Paycom Center
3/29/2026,10:00p,Golden State Warriors,,Denver Nuggets,,Ball Arena
3/30/2026,7:00p,Philadelphia 76ers,,Miami Heat,,Kaseya Center
3/30/2026,7:30p,Boston Celtics,,Atlanta Hawks,,State Farm Arena
3/30/2026,8:00p,Phoenix Suns,,Memphis Grizzlies,,FedExForum
3/30/2026,8:00p,Chicago Bulls,,San Antonio Spurs,,Frost Bank Center
3/30/2026,8:30p,Minnesota Timberwolves,,Dallas Mavericks,,American Airlines Center
3/30/2026,9:00p,Cleveland Cavaliers,,Utah Jazz,,Delta Center
3/30/2026,9:30p,Detroit Pistons,,Oklahoma City Thunder,,Paycom Center
3/30/2026,10:00p,Washington Wizards,,Los Angeles Lakers,,Crypto.com Arena
3/31/2026,7:00p,Phoenix Suns,,Orlando Magic,,Kia Center
3/31/2026,7:30p,Charlotte Hornets,,Brooklyn Nets,,Barclays Center
3/31/2026,8:00p,Toronto Raptors,,Detroit Pistons,,Little Caesars Arena
3/31/2026,8:00p,New York Knicks,,Houston Rockets,,Toyota Center
3/31/2026,8:00p,Dallas Mavericks,,Milwaukee Bucks,,Fiserv Forum
3/31/2026,10:30p,Cleveland Cavaliers,,Los Angeles Lakers,,Crypto.com Arena
3/31/2026,11:00p,Portland Trail Blazers,,Los Angeles Clippers,,Intuit Dome
4/1/2026,7:00p,Philadelphia 76ers,,Washington Wizards,,Capital One Arena
4/1/2026,7:30p,Boston Celtics,,Miami Heat,,Kaseya Center
4/1/2026,7:30p,Atlanta Hawks,,Orlando Magic,,Kia Center
4/1/2026,8:00p,Indiana Pacers,,Chicago Bulls,,United Center
4/1/2026,8:00p,Milwaukee Bucks,,Houston Rockets,,Toyota Center
4/1/2026,8:00p,New York Knicks,,Memphis Grizzlies,,FedExForum
4/1/2026,8:00p,Sacramento Kings,,Toronto Raptors,,Scotiabank Arena
4/1/2026,9:00p,Denver Nuggets,,Utah Jazz,,Delta Center
4/1/2026,10:00p,San Antonio Spurs,,Golden State Warriors,,Chase Center
4/2/2026,7:00p,Phoenix Suns,,Charlotte Hornets,,Spectrum Center
4/2/2026,7:00p,Minnesota Timberwolves,,Detroit Pistons,,Little Caesars Arena
4/2/2026,9:30p,Los Angeles Lakers,,Oklahoma City Thunder,,Paycom Center
4/2/2026,10:00p,Cleveland Cavaliers,,Golden State Warriors,,Chase Center
4/2/2026,10:00p,New Orleans Pelicans,,Portland Trail Blazers,,Moda Center
4/2/2026,10:30p,San Antonio Spurs,,Los Angeles Clippers,,Intuit Dome
4/3/2026,7:00p,Indiana Pacers,,Charlotte Hornets,,Spectrum Center
4/3/2026,7:00p,Minnesota Timberwolves,,Philadelphia 76ers,,Xfinity Mobile Arena
4/3/2026,7:30p,Atlanta Hawks,,Brooklyn Nets,,Barclays Center
4/3/2026,7:30p,Chicago Bulls,,New York Knicks,,Madison Square Garden (IV)
4/3/2026,8:00p,Utah Jazz,,Houston Rockets,,Toyota Center
4/3/2026,8:00p,Toronto Raptors,,Memphis Grizzlies,,FedExForum
4/3/2026,8:00p,Boston Celtics,,Milwaukee Bucks,,Fiserv Forum
4/3/2026,8:30p,Orlando Magic,,Dallas Mavericks,,American Airlines Center
4/3/2026,10:00p,New Orleans Pelicans,,Sacramento Kings,,Golden 1 Center
4/4/2026,3:00p,Washington Wizards,,Miami Heat,,Kaseya Center
4/4/2026,3:00p,San Antonio Spurs,,Denver Nuggets,,Ball Arena
4/4/2026,7:00p,Detroit Pistons,,Philadelphia 76ers,,Xfinity Mobile Arena
4/5/2026,3:30p,Toronto Raptors,,Boston Celtics,,TD Garden
4/5/2026,3:30p,Washington Wizards,,Brooklyn Nets,,Barclays Center
4/5/2026,3:30p,Phoenix Suns,,Chicago Bulls,,United Center
4/5/2026,3:30p,Memphis Grizzlies,,Milwaukee Bucks,,Fiserv Forum
4/5/2026,6:00p,Indiana Pacers,,Cleveland Cavaliers,,Rocket Arena
4/5/2026,7:00p,Charlotte Hornets,,Minnesota Timberwolves,,Target Center
4/5/2026,7:00p,Orlando Magic,,New Orleans Pelicans,,Smoothie King Center
4/5/2026,7:00p,Utah Jazz,,Oklahoma City Thunder,,Paycom Center
4/5/2026,7:30p,Los Angeles Lakers,,Dallas Mavericks,,American Airlines Center
4/5/2026,9:00p,Los Angeles Clippers,,Sacramento Kings,,Golden 1 Center
4/5/2026,10:00p,Houston Rockets,,Golden State Warriors,,Chase Center
4/6/2026,7:00p,New York Knicks,,Atlanta Hawks,,State Farm Arena
4/6/2026,7:00p,Detroit Pistons,,Orlando Magic,,Kia Center
4/6/2026,8:00p,Cleveland Cavaliers,,Memphis Grizzlies,,FedExForum
4/6/2026,8:00p,Philadelphia 76ers,,San Antonio Spurs,,Frost Bank Center
4/6/2026,9:00p,Portland Trail Blazers,,Denver Nuggets,,Ball Arena
4/7/2026,7:00p,Chicago Bulls,,Washington Wizards,,Capital One Arena
4/7/2026,7:30p,Charlotte Hornets,,Boston Celtics,,TD Garden
4/7/2026,7:30p,Milwaukee Bucks,,Brooklyn Nets,,Barclays Center
4/7/2026,7:30p,Miami Heat,,Toronto Raptors,,Scotiabank Arena
4/7/2026,8:00p,Minnesota Timberwolves,,Indiana Pacers,,Gainbridge Fieldhouse
4/7/2026,8:00p,Utah Jazz,,New Orleans Pelicans,,Smoothie King Center
4/7/2026,10:00p,Sacramento Kings,,Golden State Warriors,,Chase Center
4/7/2026,10:30p,Oklahoma City Thunder,,Los Angeles Lakers,,Crypto.com Arena
4/7/2026,10:30p,Dallas Mavericks,,Los Angeles Clippers,,Intuit Dome
4/7/2026,11:00p,Houston Rockets,,Phoenix Suns,,Mortgage Matchup Center
4/8/2026,7:00p,Atlanta Hawks,,Cleveland Cavaliers,,Rocket Arena
4/8/2026,7:00p,Milwaukee Bucks,,Detroit Pistons,,Little Caesars Arena
4/8/2026,7:00p,Minnesota Timberwolves,,Orlando Magic,,Kia Center
4/8/2026,9:00p,Memphis Grizzlies,,Denver Nuggets,,Ball Arena
4/8/2026,9:30p,Portland Trail Blazers,,San Antonio Spurs,,Frost Bank Center
4/8/2026,10:00p,Dallas Mavericks,,Phoenix Suns,,Mortgage Matchup Center
4/8/2026,10:00p,Oklahoma City Thunder,,Los Angeles Clippers,,Intuit Dome
4/9/2026,7:00p,Miami Heat,,Toronto Raptors,,Scotiabank Arena
4/9/2026,7:00p,Chicago Bulls,,Washington Wizards,,Capital One Arena
4/9/2026,7:30p,Indiana Pacers,,Brooklyn Nets,,Barclays Center
4/9/2026,7:30p,Boston Celtics,,New York Knicks,,Madison Square Garden (IV)
4/9/2026,8:00p,Philadelphia 76ers,,Houston Rockets,,Toyota Center
4/9/2026,10:00p,Los Angeles Lakers,,Golden State Warriors,,Chase Center
4/10/2026,7:00p,Miami Heat,,Washington Wizards,,Capital One Arena
4/10/2026,7:00p,Detroit Pistons,,Charlotte Hornets,,Spectrum Center
4/10/2026,7:00p,Cleveland Cavaliers,,Atlanta Hawks,,State Farm Arena
4/10/2026,7:30p,New Orleans Pelicans,,Boston Celtics,,TD Garden
4/10/2026,7:30p,Philadelphia 76ers,,Indiana Pacers,,Gainbridge Fieldhouse
4/10/2026,7:30p,Toronto Raptors,,New York Knicks,,Madison Square Garden (IV)
4/10/2026,8:00p,Orlando Magic,,Chicago Bulls,,United Center
4/10/2026,8:00p,Brooklyn Nets,,Milwaukee Bucks,,Fiserv Forum
4/10/2026,8:00p,Dallas Mavericks,,San Antonio Spurs,,Frost Bank Center
4/10/2026,9:00p,Oklahoma City Thunder,,Denver Nuggets,,Ball Arena
4/10/2026,9:30p,Minnesota Timberwolves,,Houston Rockets,,Toyota Center
4/10/2026,9:30p,Memphis Grizzlies,,Utah Jazz,,Delta Center
4/10/2026,10:00p,Los Angeles Clippers,,Portland Trail Blazers,,Moda Center
4/10/2026,10:00p,Golden State Warriors,,Sacramento Kings,,Golden 1 Center
4/10/2026,10:30p,Phoenix Suns,,Los Angeles Lakers,,Crypto.com Arena
4/12/2026,6:00p,Orlando Magic,,Boston Celtics,,TD Garden
4/12/2026,6:00p,Washington Wizards,,Cleveland Cavaliers,,Rocket Arena
4/12/2026,6:00p,Detroit Pistons,,Indiana Pacers,,Gainbridge Fieldhouse
4/12/2026,6:00p,Atlanta Hawks,,Miami Heat,,Kaseya Center
4/12/2026,6:00p,Charlotte Hornets,,New York Knicks,,Madison Square Garden (IV)
4/12/2026,6:00p,Milwaukee Bucks,,Philadelphia 76ers,,Xfinity Mobile Arena
4/12/2026,6:00p,Brooklyn Nets,,Toronto Raptors,,Scotiabank Arena
4/12/2026,8:30p,Chicago Bulls,,Dallas Mavericks,,American Airlines Center
4/12/2026,8:30p,Memphis Grizzlies,,Houston Rockets,,Toyota Center
4/12/2026,8:30p,Golden State Warriors,,Los Angeles Clippers,,Intuit Dome
4/12/2026,8:30p,Utah Jazz,,Los Angeles Lakers,,Crypto.com Arena
4/12/2026,8:30p,New Orleans Pelicans,,Minnesota Timberwolves,,Target Center
4/12/2026,8:30p,Phoenix Suns,,Oklahoma City Thunder,,Paycom Center
4/12/2026,8:30p,Sacramento Kings,,Portland Trail Blazers,,Moda Center
4/12/2026,8:30p,Denver Nuggets,,San Antonio Spurs,,Frost Bank Center
